0 verbose cli /opt/homebrew/Cellar/node/25.9.0_1/bin/node /opt/homebrew/bin/npm
1 info using npm@11.12.1
2 info using node@v25.9.0
3 silly config load:file:/opt/homebrew/lib/node_modules/npm/npmrc
4 silly config load:file:/Users/brainiac/Documents/DEVSS2026/ecofast/.npmrc
5 silly config load:file:/Users/brainiac/.npmrc
6 silly config load:file:/opt/homebrew/etc/npmrc
7 verbose title npm install
8 verbose argv "install" "--package-lock-only" "--cache" "./.npm_cache"
9 verbose logfile logs-max:10 dir:/Users/brainiac/Documents/DEVSS2026/ecofast/.npm_cache/_logs/2026-04-17T02_27_19_746Z-
10 verbose logfile /Users/brainiac/Documents/DEVSS2026/ecofast/.npm_cache/_logs/2026-04-17T02_27_19_746Z-debug-0.log
11 silly logfile done cleaning log files
12 silly packumentCache heap:4496293888 maxSize:1124073472 maxEntrySize:562036736
13 silly idealTree buildDeps
14 silly fetch manifest next@15.0.3
15 silly packumentCache full:https://registry.npmjs.org/next cache-miss
16 http fetch GET 200 https://registry.npmjs.org/npm 2419ms
17 http fetch GET 200 https://registry.npmjs.org/next 8203ms (cache miss)
18 silly packumentCache full:https://registry.npmjs.org/next set size:undefined disposed:false
19 silly fetch manifest @opentelemetry/api@^1.1.0
20 silly packumentCache full:https://registry.npmjs.org/@opentelemetry%2fapi cache-miss
21 http fetch GET 200 https://registry.npmjs.org/@opentelemetry%2fapi 609ms (cache miss)
22 silly packumentCache full:https://registry.npmjs.org/@opentelemetry%2fapi set size:undefined disposed:false
23 silly fetch manifest @playwright/test@^1.41.2
24 silly packumentCache full:https://registry.npmjs.org/@playwright%2ftest cache-miss
25 http fetch GET 200 https://registry.npmjs.org/@playwright%2ftest 6478ms (cache miss)
26 silly packumentCache full:https://registry.npmjs.org/@playwright%2ftest set size:undefined disposed:false
27 silly fetch manifest babel-plugin-react-compiler@*
28 silly packumentCache full:https://registry.npmjs.org/babel-plugin-react-compiler cache-miss
29 http fetch GET 200 https://registry.npmjs.org/babel-plugin-react-compiler 913ms (cache miss)
30 silly packumentCache full:https://registry.npmjs.org/babel-plugin-react-compiler set size:undefined disposed:false
31 silly fetch manifest react@19.0.0-rc-66855b96-20241106
32 silly packumentCache full:https://registry.npmjs.org/react cache-miss
33 http fetch GET 200 https://registry.npmjs.org/react 4008ms (cache miss)
34 silly packumentCache full:https://registry.npmjs.org/react set size:undefined disposed:false
35 silly fetch manifest react-dom@19.0.0-rc-66855b96-20241106
36 silly packumentCache full:https://registry.npmjs.org/react-dom cache-miss
37 http fetch GET 200 https://registry.npmjs.org/react-dom 9443ms (cache miss)
38 silly packumentCache full:https://registry.npmjs.org/react-dom set size:undefined disposed:false
39 silly fetch manifest sass@^1.3.0
40 silly packumentCache full:https://registry.npmjs.org/sass cache-miss
41 http fetch GET 200 https://registry.npmjs.org/sass 2303ms (cache miss)
42 silly packumentCache full:https://registry.npmjs.org/sass set size:undefined disposed:false
43 silly fetch manifest lucide-react@^0.454.0
44 silly packumentCache full:https://registry.npmjs.org/lucide-react cache-miss
45 http fetch GET 200 https://registry.npmjs.org/lucide-react 2959ms (cache miss)
46 silly packumentCache full:https://registry.npmjs.org/lucide-react set size:undefined disposed:false
47 silly fetch manifest clsx@^2.1.1
48 silly packumentCache full:https://registry.npmjs.org/clsx cache-miss
49 http fetch GET 200 https://registry.npmjs.org/clsx 408ms (cache miss)
50 silly packumentCache full:https://registry.npmjs.org/clsx set size:undefined disposed:false
51 silly fetch manifest tailwind-merge@^2.5.4
52 silly packumentCache full:https://registry.npmjs.org/tailwind-merge cache-miss
53 http fetch GET 200 https://registry.npmjs.org/tailwind-merge 964ms (cache miss)
54 silly packumentCache full:https://registry.npmjs.org/tailwind-merge set size:undefined disposed:false
55 silly fetch manifest @prisma/client@^5.22.0
56 silly packumentCache full:https://registry.npmjs.org/@prisma%2fclient cache-miss
57 http fetch GET 200 https://registry.npmjs.org/@prisma%2fclient 48048ms (cache miss)
58 silly packumentCache full:https://registry.npmjs.org/@prisma%2fclient set size:undefined disposed:false
59 silly fetch manifest prisma@^5.22.0
60 silly packumentCache full:https://registry.npmjs.org/prisma cache-miss
61 http fetch GET 200 https://registry.npmjs.org/prisma 25054ms (cache miss)
62 silly packumentCache full:https://registry.npmjs.org/prisma set size:undefined disposed:false
63 silly fetch manifest typescript@^5
64 silly packumentCache full:https://registry.npmjs.org/typescript cache-miss
65 http cache https://registry.npmjs.org/typescript 28ms (cache hit)
66 silly packumentCache full:https://registry.npmjs.org/typescript set size:15409943 disposed:false
67 silly fetch manifest @types/node@^20
68 silly packumentCache full:https://registry.npmjs.org/@types%2fnode cache-miss
69 http fetch GET 200 https://registry.npmjs.org/@types%2fnode 4127ms (cache miss)
70 silly packumentCache full:https://registry.npmjs.org/@types%2fnode set size:undefined disposed:false
71 silly fetch manifest @types/react@^18
72 silly packumentCache full:https://registry.npmjs.org/@types%2freact cache-miss
73 http fetch GET 200 https://registry.npmjs.org/@types%2freact 1837ms (cache miss)
74 silly packumentCache full:https://registry.npmjs.org/@types%2freact set size:undefined disposed:false
75 silly fetch manifest @types/react-dom@^18
76 silly packumentCache full:https://registry.npmjs.org/@types%2freact-dom cache-miss
77 http fetch GET 200 https://registry.npmjs.org/@types%2freact-dom 389ms (cache miss)
78 silly packumentCache full:https://registry.npmjs.org/@types%2freact-dom set size:undefined disposed:false
79 silly fetch manifest postcss@^8
80 silly packumentCache full:https://registry.npmjs.org/postcss cache-miss
81 http fetch GET 200 https://registry.npmjs.org/postcss 560ms (cache miss)
82 silly packumentCache full:https://registry.npmjs.org/postcss set size:undefined disposed:false
83 silly fetch manifest tailwindcss@^3.4.1
84 silly packumentCache full:https://registry.npmjs.org/tailwindcss cache-miss
85 http fetch GET 200 https://registry.npmjs.org/tailwindcss 2630ms (cache miss)
86 silly packumentCache full:https://registry.npmjs.org/tailwindcss set size:undefined disposed:false
87 silly fetch manifest eslint@^8
88 silly packumentCache full:https://registry.npmjs.org/eslint cache-miss
89 http cache https://registry.npmjs.org/eslint 11ms (cache hit)
90 silly packumentCache full:https://registry.npmjs.org/eslint set size:1976900 disposed:false
91 silly fetch manifest eslint-config-next@15.0.3
92 silly packumentCache full:https://registry.npmjs.org/eslint-config-next cache-miss
93 http fetch GET 200 https://registry.npmjs.org/eslint-config-next 5041ms (cache miss)
94 silly packumentCache full:https://registry.npmjs.org/eslint-config-next set size:undefined disposed:false
95 silly placeDep ROOT @prisma/client@5.22.0 OK for: ecofast-modern@0.1.0 want: ^5.22.0
96 silly placeDep ROOT @types/node@20.19.39 OK for: ecofast-modern@0.1.0 want: ^20
97 silly placeDep ROOT @types/react@18.3.28 OK for: ecofast-modern@0.1.0 want: ^18
98 silly placeDep ROOT @types/react-dom@18.3.7 OK for: ecofast-modern@0.1.0 want: ^18
99 silly placeDep ROOT clsx@2.1.1 OK for: ecofast-modern@0.1.0 want: ^2.1.1
100 silly placeDep ROOT eslint@8.57.1 OK for: ecofast-modern@0.1.0 want: ^8
101 silly placeDep ROOT eslint-config-next@15.0.3 OK for: ecofast-modern@0.1.0 want: 15.0.3
102 silly placeDep ROOT lucide-react@0.454.0 OK for: ecofast-modern@0.1.0 want: ^0.454.0
103 silly placeDep ROOT react@19.0.0-rc-66855b96-20241106 OK for: lucide-react@0.454.0 want: ^16.5.1 || ^17.0.0 || ^18.0.0 || ^19.0.0-rc
104 silly placeDep ROOT next@15.0.3 OK for: ecofast-modern@0.1.0 want: 15.0.3
105 silly placeDep ROOT react-dom@19.0.0-rc-66855b96-20241106 OK for: next@15.0.3 want: ^18.2.0 || 19.0.0-rc-66855b96-20241106
106 silly placeDep ROOT postcss@8.5.10 OK for: ecofast-modern@0.1.0 want: ^8
107 silly placeDep ROOT prisma@5.22.0 OK for: ecofast-modern@0.1.0 want: ^5.22.0
108 silly placeDep ROOT tailwind-merge@2.6.1 OK for: ecofast-modern@0.1.0 want: ^2.5.4
109 silly placeDep ROOT tailwindcss@3.4.19 OK for: ecofast-modern@0.1.0 want: ^3.4.1
110 silly placeDep ROOT typescript@5.9.3 OK for: ecofast-modern@0.1.0 want: ^5
111 silly fetch manifest undici-types@~6.21.0
112 silly packumentCache full:https://registry.npmjs.org/undici-types cache-miss
113 silly fetch manifest csstype@^3.2.2
114 silly packumentCache full:https://registry.npmjs.org/csstype cache-miss
115 silly fetch manifest @types/prop-types@*
116 silly packumentCache full:https://registry.npmjs.org/@types%2fprop-types cache-miss
117 silly fetch manifest ajv@^6.12.4
118 silly packumentCache full:https://registry.npmjs.org/ajv cache-miss
119 silly fetch manifest levn@^0.4.1
120 silly packumentCache full:https://registry.npmjs.org/levn cache-miss
121 silly fetch manifest chalk@^4.0.0
122 silly packumentCache full:https://registry.npmjs.org/chalk cache-miss
123 silly fetch manifest debug@^4.3.2
124 silly packumentCache full:https://registry.npmjs.org/debug cache-miss
125 silly fetch manifest espree@^9.6.1
126 silly packumentCache full:https://registry.npmjs.org/espree cache-miss
127 silly fetch manifest ignore@^5.2.0
128 silly packumentCache full:https://registry.npmjs.org/ignore cache-miss
129 http cache https://registry.npmjs.org/ignore 13ms (cache hit)
130 silly packumentCache full:https://registry.npmjs.org/ignore set size:237380 disposed:false
131 silly fetch manifest esquery@^1.4.2
132 silly packumentCache full:https://registry.npmjs.org/esquery cache-miss
133 http fetch GET 200 https://registry.npmjs.org/undici-types 1395ms (cache miss)
134 silly packumentCache full:https://registry.npmjs.org/undici-types set size:undefined disposed:false
135 silly fetch manifest esutils@^2.0.2
136 silly packumentCache full:https://registry.npmjs.org/esutils cache-miss
137 http fetch GET 200 https://registry.npmjs.org/esutils 556ms (cache miss)
138 silly packumentCache full:https://registry.npmjs.org/esutils set size:undefined disposed:false
139 silly fetch manifest find-up@^5.0.0
140 silly packumentCache full:https://registry.npmjs.org/find-up cache-miss
141 http fetch GET 200 https://registry.npmjs.org/find-up 888ms (cache miss)
142 silly packumentCache full:https://registry.npmjs.org/find-up set size:undefined disposed:false
143 silly fetch manifest globals@^13.19.0
144 silly packumentCache full:https://registry.npmjs.org/globals cache-miss
145 http fetch GET 200 https://registry.npmjs.org/espree 3176ms (cache miss)
146 silly packumentCache full:https://registry.npmjs.org/espree set size:undefined disposed:false
147 silly fetch manifest is-glob@^4.0.0
148 silly packumentCache full:https://registry.npmjs.org/is-glob cache-miss
149 http fetch GET 200 https://registry.npmjs.org/csstype 3575ms (cache miss)
150 silly packumentCache full:https://registry.npmjs.org/csstype set size:undefined disposed:false
151 silly fetch manifest js-yaml@^4.1.0
152 silly packumentCache full:https://registry.npmjs.org/js-yaml cache-miss
153 http fetch GET 200 https://registry.npmjs.org/debug 3746ms (cache miss)
154 silly packumentCache full:https://registry.npmjs.org/debug set size:undefined disposed:false
155 silly fetch manifest doctrine@^3.0.0
156 silly packumentCache full:https://registry.npmjs.org/doctrine cache-miss
157 http cache https://registry.npmjs.org/doctrine 9ms (cache hit)
158 silly packumentCache full:https://registry.npmjs.org/doctrine set size:64052 disposed:false
159 silly fetch manifest graphemer@^1.4.0
160 silly packumentCache full:https://registry.npmjs.org/graphemer cache-miss
161 http fetch GET 200 https://registry.npmjs.org/is-glob 598ms (cache miss)
162 silly packumentCache full:https://registry.npmjs.org/is-glob set size:undefined disposed:false
163 silly fetch manifest minimatch@^3.1.2
164 silly packumentCache full:https://registry.npmjs.org/minimatch cache-miss
165 http fetch GET 200 https://registry.npmjs.org/js-yaml 339ms (cache miss)
166 silly packumentCache full:https://registry.npmjs.org/js-yaml set size:undefined disposed:false
167 silly fetch manifest @eslint/js@8.57.1
168 silly packumentCache full:https://registry.npmjs.org/@eslint%2fjs cache-miss
169 http fetch GET 200 https://registry.npmjs.org/globals 1266ms (cache miss)
170 silly packumentCache full:https://registry.npmjs.org/globals set size:undefined disposed:false
171 silly fetch manifest optionator@^0.9.3
172 silly packumentCache full:https://registry.npmjs.org/optionator cache-miss
173 http fetch GET 200 https://registry.npmjs.org/graphemer 356ms (cache miss)
174 silly packumentCache full:https://registry.npmjs.org/graphemer set size:undefined disposed:false
175 silly fetch manifest strip-ansi@^6.0.1
176 silly packumentCache full:https://registry.npmjs.org/strip-ansi cache-miss
177 http fetch GET 200 https://registry.npmjs.org/levn 4398ms (cache miss)
178 silly packumentCache full:https://registry.npmjs.org/levn set size:undefined disposed:false
179 silly fetch manifest text-table@^0.2.0
180 silly packumentCache full:https://registry.npmjs.org/text-table cache-miss
181 http fetch GET 200 https://registry.npmjs.org/@eslint%2fjs 481ms (cache miss)
182 silly packumentCache full:https://registry.npmjs.org/@eslint%2fjs set size:undefined disposed:false
183 silly fetch manifest cross-spawn@^7.0.2
184 silly packumentCache full:https://registry.npmjs.org/cross-spawn cache-miss
185 http fetch GET 200 https://registry.npmjs.org/ajv 4410ms (cache miss)
186 silly packumentCache full:https://registry.npmjs.org/ajv set size:undefined disposed:false
187 silly fetch manifest glob-parent@^6.0.2
188 silly packumentCache full:https://registry.npmjs.org/glob-parent cache-miss
189 http cache https://registry.npmjs.org/glob-parent 2ms (cache hit)
190 silly packumentCache full:https://registry.npmjs.org/glob-parent set size:42445 disposed:false
191 silly fetch manifest imurmurhash@^0.1.4
192 silly packumentCache full:https://registry.npmjs.org/imurmurhash cache-miss
193 http fetch GET 200 https://registry.npmjs.org/optionator 358ms (cache miss)
194 silly packumentCache full:https://registry.npmjs.org/optionator set size:undefined disposed:false
195 silly fetch manifest eslint-scope@^7.2.2
196 silly packumentCache full:https://registry.npmjs.org/eslint-scope cache-miss
197 http fetch GET 200 https://registry.npmjs.org/strip-ansi 357ms (cache miss)
198 silly packumentCache full:https://registry.npmjs.org/strip-ansi set size:undefined disposed:false
199 silly fetch manifest lodash.merge@^4.6.2
200 silly packumentCache full:https://registry.npmjs.org/lodash.merge cache-miss
201 http fetch GET 200 https://registry.npmjs.org/@types%2fprop-types 4569ms (cache miss)
202 silly packumentCache full:https://registry.npmjs.org/@types%2fprop-types set size:undefined disposed:false
203 silly fetch manifest is-path-inside@^3.0.3
204 silly packumentCache full:https://registry.npmjs.org/is-path-inside cache-miss
205 http fetch GET 200 https://registry.npmjs.org/minimatch 791ms (cache miss)
206 silly packumentCache full:https://registry.npmjs.org/minimatch set size:undefined disposed:false
207 silly fetch manifest fast-deep-equal@^3.1.3
208 silly packumentCache full:https://registry.npmjs.org/fast-deep-equal cache-miss
209 http fetch GET 200 https://registry.npmjs.org/esquery 4623ms (cache miss)
210 silly packumentCache full:https://registry.npmjs.org/esquery set size:undefined disposed:false
211 silly fetch manifest natural-compare@^1.4.0
212 silly packumentCache full:https://registry.npmjs.org/natural-compare cache-miss
213 http fetch GET 200 https://registry.npmjs.org/text-table 457ms (cache miss)
214 silly packumentCache full:https://registry.npmjs.org/text-table set size:undefined disposed:false
215 silly fetch manifest @eslint/eslintrc@^2.1.4
216 silly packumentCache full:https://registry.npmjs.org/@eslint%2feslintrc cache-miss
217 http fetch GET 200 https://registry.npmjs.org/lodash.merge 434ms (cache miss)
218 silly packumentCache full:https://registry.npmjs.org/lodash.merge set size:undefined disposed:false
219 silly fetch manifest @nodelib/fs.walk@^1.2.8
220 silly packumentCache full:https://registry.npmjs.org/@nodelib%2ffs.walk cache-miss
221 http fetch GET 200 https://registry.npmjs.org/is-path-inside 448ms (cache miss)
222 silly packumentCache full:https://registry.npmjs.org/is-path-inside set size:undefined disposed:false
223 silly fetch manifest file-entry-cache@^6.0.1
224 silly packumentCache full:https://registry.npmjs.org/file-entry-cache cache-miss
225 http fetch GET 200 https://registry.npmjs.org/chalk 5099ms (cache miss)
226 silly packumentCache full:https://registry.npmjs.org/chalk set size:undefined disposed:false
227 silly fetch manifest eslint-visitor-keys@^3.4.3
228 silly packumentCache full:https://registry.npmjs.org/eslint-visitor-keys cache-miss
229 http fetch GET 200 https://registry.npmjs.org/natural-compare 464ms (cache miss)
230 silly packumentCache full:https://registry.npmjs.org/natural-compare set size:undefined disposed:false
231 silly fetch manifest escape-string-regexp@^4.0.0
232 silly packumentCache full:https://registry.npmjs.org/escape-string-regexp cache-miss
233 http cache https://registry.npmjs.org/eslint-visitor-keys 7ms (cache hit)
234 silly packumentCache full:https://registry.npmjs.org/eslint-visitor-keys set size:69949 disposed:false
235 silly fetch manifest @ungap/structured-clone@^1.2.0
236 silly packumentCache full:https://registry.npmjs.org/@ungap%2fstructured-clone cache-miss
237 http fetch GET 200 https://registry.npmjs.org/cross-spawn 834ms (cache miss)
238 silly packumentCache full:https://registry.npmjs.org/cross-spawn set size:undefined disposed:false
239 silly fetch manifest @eslint-community/regexpp@^4.6.1
240 silly packumentCache full:https://registry.npmjs.org/@eslint-community%2fregexpp cache-miss
241 http fetch GET 200 https://registry.npmjs.org/eslint-scope 763ms (cache miss)
242 silly packumentCache full:https://registry.npmjs.org/eslint-scope set size:undefined disposed:false
243 silly fetch manifest @humanwhocodes/config-array@^0.13.0
244 silly packumentCache full:https://registry.npmjs.org/@humanwhocodes%2fconfig-array cache-miss
245 http fetch GET 200 https://registry.npmjs.org/@nodelib%2ffs.walk 374ms (cache miss)
246 silly packumentCache full:https://registry.npmjs.org/@nodelib%2ffs.walk set size:undefined disposed:false
247 silly fetch manifest @eslint-community/eslint-utils@^4.2.0
248 silly packumentCache full:https://registry.npmjs.org/@eslint-community%2feslint-utils cache-miss
249 http fetch GET 200 https://registry.npmjs.org/fast-deep-equal 713ms (cache miss)
250 silly packumentCache full:https://registry.npmjs.org/fast-deep-equal set size:undefined disposed:false
251 silly fetch manifest @humanwhocodes/module-importer@^1.0.1
252 silly packumentCache full:https://registry.npmjs.org/@humanwhocodes%2fmodule-importer cache-miss
253 http fetch GET 200 https://registry.npmjs.org/escape-string-regexp 407ms (cache miss)
254 silly packumentCache full:https://registry.npmjs.org/escape-string-regexp set size:undefined disposed:false
255 silly fetch manifest json-stable-stringify-without-jsonify@^1.0.1
256 silly packumentCache full:https://registry.npmjs.org/json-stable-stringify-without-jsonify cache-miss
257 http fetch GET 200 https://registry.npmjs.org/imurmurhash 1290ms (cache miss)
258 silly packumentCache full:https://registry.npmjs.org/imurmurhash set size:undefined disposed:false
259 silly fetch manifest eslint-plugin-react@^7.35.0
260 silly packumentCache full:https://registry.npmjs.org/eslint-plugin-react cache-miss
261 http fetch GET 200 https://registry.npmjs.org/@eslint-community%2fregexpp 474ms (cache miss)
262 silly packumentCache full:https://registry.npmjs.org/@eslint-community%2fregexpp set size:undefined disposed:false
263 silly fetch manifest eslint-plugin-import@^2.31.0
264 silly packumentCache full:https://registry.npmjs.org/eslint-plugin-import cache-miss
265 http fetch GET 200 https://registry.npmjs.org/@eslint-community%2feslint-utils 733ms (cache miss)
266 silly packumentCache full:https://registry.npmjs.org/@eslint-community%2feslint-utils set size:undefined disposed:false
267 silly fetch manifest eslint-plugin-jsx-a11y@^6.10.0
268 silly packumentCache full:https://registry.npmjs.org/eslint-plugin-jsx-a11y cache-miss
269 http fetch GET 200 https://registry.npmjs.org/@humanwhocodes%2fmodule-importer 745ms (cache miss)
270 silly packumentCache full:https://registry.npmjs.org/@humanwhocodes%2fmodule-importer set size:undefined disposed:false
271 silly fetch manifest @rushstack/eslint-patch@^1.10.3
272 silly packumentCache full:https://registry.npmjs.org/@rushstack%2feslint-patch cache-miss
273 http fetch GET 200 https://registry.npmjs.org/file-entry-cache 1016ms (cache miss)
274 silly packumentCache full:https://registry.npmjs.org/file-entry-cache set size:undefined disposed:false
275 silly fetch manifest @next/eslint-plugin-next@15.0.3
276 silly packumentCache full:https://registry.npmjs.org/@next%2feslint-plugin-next cache-miss
277 http fetch GET 200 https://registry.npmjs.org/@rushstack%2feslint-patch 1323ms (cache miss)
278 silly packumentCache full:https://registry.npmjs.org/@rushstack%2feslint-patch set size:undefined disposed:false
279 silly fetch manifest @typescript-eslint/parser@^5.4.2 || ^6.0.0 || ^7.0.0 || ^8.0.0
280 silly packumentCache full:https://registry.npmjs.org/@typescript-eslint%2fparser cache-miss
281 http fetch GET 200 https://registry.npmjs.org/json-stable-stringify-without-jsonify 2333ms (cache miss)
282 silly packumentCache full:https://registry.npmjs.org/json-stable-stringify-without-jsonify set size:undefined disposed:false
283 silly fetch manifest eslint-plugin-react-hooks@^5.0.0
284 silly packumentCache full:https://registry.npmjs.org/eslint-plugin-react-hooks cache-miss
285 http fetch GET 200 https://registry.npmjs.org/@ungap%2fstructured-clone 4829ms (cache miss)
286 silly packumentCache full:https://registry.npmjs.org/@ungap%2fstructured-clone set size:undefined disposed:false
287 silly fetch manifest eslint-import-resolver-node@^0.3.6
288 silly packumentCache full:https://registry.npmjs.org/eslint-import-resolver-node cache-miss
289 http fetch GET 200 https://registry.npmjs.org/eslint-import-resolver-node 210ms (cache miss)
290 silly packumentCache full:https://registry.npmjs.org/eslint-import-resolver-node set size:undefined disposed:false
291 silly fetch manifest @typescript-eslint/eslint-plugin@^5.4.2 || ^6.0.0 || ^7.0.0 || ^8.0.0
292 silly packumentCache full:https://registry.npmjs.org/@typescript-eslint%2feslint-plugin cache-miss
293 http fetch GET 200 https://registry.npmjs.org/eslint-plugin-import 4642ms (cache miss)
294 silly packumentCache full:https://registry.npmjs.org/eslint-plugin-import set size:undefined disposed:false
295 silly fetch manifest eslint-import-resolver-typescript@^3.5.2
296 silly packumentCache full:https://registry.npmjs.org/eslint-import-resolver-typescript cache-miss
297 http fetch GET 200 https://registry.npmjs.org/@eslint%2feslintrc 5673ms (cache miss)
298 silly packumentCache full:https://registry.npmjs.org/@eslint%2feslintrc set size:undefined disposed:false
299 silly fetch manifest busboy@1.6.0
300 silly packumentCache full:https://registry.npmjs.org/busboy cache-miss
301 http fetch GET 200 https://registry.npmjs.org/eslint-plugin-jsx-a11y 4868ms (cache miss)
302 silly packumentCache full:https://registry.npmjs.org/eslint-plugin-jsx-a11y set size:undefined disposed:false
303 silly fetch manifest postcss@8.4.31
304 silly packumentCache full:https://registry.npmjs.org/postcss cache-miss
305 http cache https://registry.npmjs.org/postcss 5ms (cache hit)
306 silly packumentCache full:https://registry.npmjs.org/postcss set size:708244 disposed:false
307 silly fetch manifest @next/env@15.0.3
308 silly packumentCache full:https://registry.npmjs.org/@next%2fenv cache-miss
309 http fetch GET 200 https://registry.npmjs.org/eslint-import-resolver-typescript 722ms (cache miss)
310 silly packumentCache full:https://registry.npmjs.org/eslint-import-resolver-typescript set size:undefined disposed:false
311 silly fetch manifest styled-jsx@5.1.6
312 silly packumentCache full:https://registry.npmjs.org/styled-jsx cache-miss
313 http fetch GET 200 https://registry.npmjs.org/busboy 567ms (cache miss)
314 silly packumentCache full:https://registry.npmjs.org/busboy set size:undefined disposed:false
315 silly fetch manifest @swc/counter@0.1.3
316 silly packumentCache full:https://registry.npmjs.org/@swc%2fcounter cache-miss
317 http fetch GET 200 https://registry.npmjs.org/@swc%2fcounter 339ms (cache miss)
318 silly packumentCache full:https://registry.npmjs.org/@swc%2fcounter set size:undefined disposed:false
319 silly fetch manifest @swc/helpers@0.5.13
320 silly packumentCache full:https://registry.npmjs.org/@swc%2fhelpers cache-miss
321 http fetch GET 200 https://registry.npmjs.org/eslint-plugin-react 6657ms (cache miss)
322 silly packumentCache full:https://registry.npmjs.org/eslint-plugin-react set size:undefined disposed:false
323 silly fetch manifest caniuse-lite@^1.0.30001579
324 silly packumentCache full:https://registry.npmjs.org/caniuse-lite cache-miss
325 http fetch GET 200 https://registry.npmjs.org/@swc%2fhelpers 1608ms (cache miss)
326 silly packumentCache full:https://registry.npmjs.org/@swc%2fhelpers set size:undefined disposed:false
327 silly fetch manifest sharp@^0.33.5
328 silly packumentCache full:https://registry.npmjs.org/sharp cache-miss
329 http fetch GET 200 https://registry.npmjs.org/eslint-plugin-react-hooks 6019ms (cache miss)
330 silly packumentCache full:https://registry.npmjs.org/eslint-plugin-react-hooks set size:undefined disposed:false
331 silly fetch manifest @next/swc-darwin-x64@15.0.3
332 silly packumentCache full:https://registry.npmjs.org/@next%2fswc-darwin-x64 cache-miss
333 http fetch GET 200 https://registry.npmjs.org/sharp 2031ms (cache miss)
334 silly packumentCache full:https://registry.npmjs.org/sharp set size:undefined disposed:false
335 silly fetch manifest @next/swc-darwin-arm64@15.0.3
336 silly packumentCache full:https://registry.npmjs.org/@next%2fswc-darwin-arm64 cache-miss
337 http fetch GET 200 https://registry.npmjs.org/@next%2fenv 4269ms (cache miss)
338 silly packumentCache full:https://registry.npmjs.org/@next%2fenv set size:undefined disposed:false
339 silly fetch manifest @next/swc-linux-x64-gnu@15.0.3
340 silly packumentCache full:https://registry.npmjs.org/@next%2fswc-linux-x64-gnu cache-miss
341 http fetch GET 200 https://registry.npmjs.org/styled-jsx 4497ms (cache miss)
342 silly packumentCache full:https://registry.npmjs.org/styled-jsx set size:undefined disposed:false
343 silly fetch manifest @next/swc-linux-x64-musl@15.0.3
344 silly packumentCache full:https://registry.npmjs.org/@next%2fswc-linux-x64-musl cache-miss
345 http fetch GET 200 https://registry.npmjs.org/@humanwhocodes%2fconfig-array 11934ms (cache miss)
346 silly packumentCache full:https://registry.npmjs.org/@humanwhocodes%2fconfig-array set size:undefined disposed:false
347 silly fetch manifest @next/swc-win32-x64-msvc@15.0.3
348 silly packumentCache full:https://registry.npmjs.org/@next%2fswc-win32-x64-msvc cache-miss
349 http fetch GET 200 https://registry.npmjs.org/@next%2fswc-darwin-x64 5112ms (cache miss)
350 silly packumentCache full:https://registry.npmjs.org/@next%2fswc-darwin-x64 set size:undefined disposed:false
351 silly fetch manifest @next/swc-linux-arm64-gnu@15.0.3
352 silly packumentCache full:https://registry.npmjs.org/@next%2fswc-linux-arm64-gnu cache-miss
353 http fetch GET 200 https://registry.npmjs.org/@typescript-eslint%2feslint-plugin 8884ms (cache miss)
354 silly packumentCache full:https://registry.npmjs.org/@typescript-eslint%2feslint-plugin set size:undefined disposed:false
355 silly fetch manifest @next/swc-linux-arm64-musl@15.0.3
356 silly packumentCache full:https://registry.npmjs.org/@next%2fswc-linux-arm64-musl cache-miss
357 http fetch GET 200 https://registry.npmjs.org/@next%2fswc-linux-x64-musl 7409ms (cache miss)
358 silly packumentCache full:https://registry.npmjs.org/@next%2fswc-linux-x64-musl set size:undefined disposed:false
359 silly fetch manifest @next/swc-win32-arm64-msvc@15.0.3
360 silly packumentCache full:https://registry.npmjs.org/@next%2fswc-win32-arm64-msvc cache-miss
361 http fetch GET 200 https://registry.npmjs.org/@next%2fswc-linux-x64-gnu 7818ms (cache miss)
362 silly packumentCache full:https://registry.npmjs.org/@next%2fswc-linux-x64-gnu set size:undefined disposed:false
363 silly fetch manifest scheduler@0.25.0-rc-66855b96-20241106
364 silly packumentCache full:https://registry.npmjs.org/scheduler cache-miss
365 http fetch GET 200 https://registry.npmjs.org/@typescript-eslint%2fparser 16414ms (cache miss)
366 silly packumentCache full:https://registry.npmjs.org/@typescript-eslint%2fparser set size:undefined disposed:false
367 silly fetch manifest nanoid@^3.3.11
368 silly packumentCache full:https://registry.npmjs.org/nanoid cache-miss
369 http fetch GET 200 https://registry.npmjs.org/nanoid 449ms (cache miss)
370 silly packumentCache full:https://registry.npmjs.org/nanoid set size:undefined disposed:false
371 silly fetch manifest picocolors@^1.1.1
372 silly packumentCache full:https://registry.npmjs.org/picocolors cache-miss
373 http cache https://registry.npmjs.org/picocolors 4ms (cache hit)
374 silly packumentCache full:https://registry.npmjs.org/picocolors set size:16648 disposed:false
375 silly fetch manifest source-map-js@^1.2.1
376 silly packumentCache full:https://registry.npmjs.org/source-map-js cache-miss
377 http cache https://registry.npmjs.org/source-map-js 2ms (cache hit)
378 silly packumentCache full:https://registry.npmjs.org/source-map-js set size:62640 disposed:false
379 silly fetch manifest @prisma/engines@5.22.0
380 silly packumentCache full:https://registry.npmjs.org/@prisma%2fengines cache-miss
381 http fetch GET 200 https://registry.npmjs.org/@next%2feslint-plugin-next 19234ms (cache miss)
382 silly packumentCache full:https://registry.npmjs.org/@next%2feslint-plugin-next set size:undefined disposed:false
383 silly fetch manifest fsevents@2.3.3
384 silly packumentCache full:https://registry.npmjs.org/fsevents cache-miss
385 http fetch GET 200 https://registry.npmjs.org/@next%2fswc-linux-arm64-musl 6889ms (cache miss)
386 silly packumentCache full:https://registry.npmjs.org/@next%2fswc-linux-arm64-musl set size:undefined disposed:false
387 silly fetch manifest arg@^5.0.2
388 silly packumentCache full:https://registry.npmjs.org/arg cache-miss
389 http fetch GET 200 https://registry.npmjs.org/@next%2fswc-linux-arm64-gnu 7067ms (cache miss)
390 silly packumentCache full:https://registry.npmjs.org/@next%2fswc-linux-arm64-gnu set size:undefined disposed:false
391 silly fetch manifest dlv@^1.1.3
392 silly packumentCache full:https://registry.npmjs.org/dlv cache-miss
393 http fetch GET 200 https://registry.npmjs.org/fsevents 847ms (cache miss)
394 silly packumentCache full:https://registry.npmjs.org/fsevents set size:undefined disposed:false
395 silly fetch manifest jiti@^1.21.7
396 silly packumentCache full:https://registry.npmjs.org/jiti cache-miss
397 http fetch GET 200 https://registry.npmjs.org/arg 325ms (cache miss)
398 silly packumentCache full:https://registry.npmjs.org/arg set size:undefined disposed:false
399 silly fetch manifest is-glob@^4.0.3
400 silly packumentCache full:https://registry.npmjs.org/is-glob cache-miss
401 http cache https://registry.npmjs.org/is-glob 3ms (cache hit)
402 silly packumentCache full:https://registry.npmjs.org/is-glob set size:40530 disposed:false
403 silly fetch manifest resolve@^1.22.8
404 silly packumentCache full:https://registry.npmjs.org/resolve cache-miss
405 http cache https://registry.npmjs.org/resolve 3ms (cache hit)
406 silly packumentCache full:https://registry.npmjs.org/resolve set size:252941 disposed:false
407 silly fetch manifest sucrase@^3.35.0
408 silly packumentCache full:https://registry.npmjs.org/sucrase cache-miss
409 http fetch GET 200 https://registry.npmjs.org/sucrase 667ms (cache miss)
410 silly packumentCache full:https://registry.npmjs.org/sucrase set size:undefined disposed:false
411 silly fetch manifest chokidar@^3.6.0
412 silly packumentCache full:https://registry.npmjs.org/chokidar cache-miss
413 http fetch GET 200 https://registry.npmjs.org/chokidar 344ms (cache miss)
414 silly packumentCache full:https://registry.npmjs.org/chokidar set size:undefined disposed:false
415 silly fetch manifest fast-glob@^3.3.2
416 silly packumentCache full:https://registry.npmjs.org/fast-glob cache-miss
417 http cache https://registry.npmjs.org/fast-glob 5ms (cache hit)
418 silly packumentCache full:https://registry.npmjs.org/fast-glob set size:220556 disposed:false
419 silly fetch manifest lilconfig@^3.1.3
420 silly packumentCache full:https://registry.npmjs.org/lilconfig cache-miss
421 http fetch GET 200 https://registry.npmjs.org/dlv 1293ms (cache miss)
422 silly packumentCache full:https://registry.npmjs.org/dlv set size:undefined disposed:false
423 silly fetch manifest didyoumean@^1.2.2
424 silly packumentCache full:https://registry.npmjs.org/didyoumean cache-miss
425 http fetch GET 200 https://registry.npmjs.org/lilconfig 251ms (cache miss)
426 silly packumentCache full:https://registry.npmjs.org/lilconfig set size:undefined disposed:false
427 silly fetch manifest micromatch@^4.0.8
428 silly packumentCache full:https://registry.npmjs.org/micromatch cache-miss
429 http cache https://registry.npmjs.org/micromatch 5ms (cache hit)
430 silly packumentCache full:https://registry.npmjs.org/micromatch set size:240630 disposed:false
431 silly fetch manifest postcss-js@^4.0.1
432 silly packumentCache full:https://registry.npmjs.org/postcss-js cache-miss
433 http fetch GET 200 https://registry.npmjs.org/jiti 1600ms (cache miss)
434 silly packumentCache full:https://registry.npmjs.org/jiti set size:undefined disposed:false
435 silly fetch manifest object-hash@^3.0.0
436 silly packumentCache full:https://registry.npmjs.org/object-hash cache-miss
437 http fetch GET 200 https://registry.npmjs.org/postcss-js 251ms (cache miss)
438 silly packumentCache full:https://registry.npmjs.org/postcss-js set size:undefined disposed:false
439 silly fetch manifest normalize-path@^3.0.0
440 silly packumentCache full:https://registry.npmjs.org/normalize-path cache-miss
441 http fetch GET 200 https://registry.npmjs.org/normalize-path 223ms (cache miss)
442 silly packumentCache full:https://registry.npmjs.org/normalize-path set size:undefined disposed:false
443 silly fetch manifest postcss-import@^15.1.0
444 silly packumentCache full:https://registry.npmjs.org/postcss-import cache-miss
445 http fetch GET 200 https://registry.npmjs.org/object-hash 404ms (cache miss)
446 silly packumentCache full:https://registry.npmjs.org/object-hash set size:undefined disposed:false
447 silly fetch manifest postcss-nested@^6.2.0
448 silly packumentCache full:https://registry.npmjs.org/postcss-nested cache-miss
449 http fetch GET 200 https://registry.npmjs.org/postcss-import 537ms (cache miss)
450 silly packumentCache full:https://registry.npmjs.org/postcss-import set size:undefined disposed:false
451 silly fetch manifest @alloc/quick-lru@^5.2.0
452 silly packumentCache full:https://registry.npmjs.org/@alloc%2fquick-lru cache-miss
453 http fetch GET 200 https://registry.npmjs.org/@alloc%2fquick-lru 279ms (cache miss)
454 silly packumentCache full:https://registry.npmjs.org/@alloc%2fquick-lru set size:undefined disposed:false
455 silly fetch manifest postcss-load-config@^4.0.2 || ^5.0 || ^6.0
456 silly packumentCache full:https://registry.npmjs.org/postcss-load-config cache-miss
457 http fetch GET 200 https://registry.npmjs.org/postcss-load-config 301ms (cache miss)
458 silly packumentCache full:https://registry.npmjs.org/postcss-load-config set size:undefined disposed:false
459 silly fetch manifest postcss-selector-parser@^6.1.2
460 silly packumentCache full:https://registry.npmjs.org/postcss-selector-parser cache-miss
461 http fetch GET 200 https://registry.npmjs.org/@next%2fswc-win32-arm64-msvc 6267ms (cache miss)
462 silly packumentCache full:https://registry.npmjs.org/@next%2fswc-win32-arm64-msvc set size:undefined disposed:false
463 http fetch GET 200 https://registry.npmjs.org/postcss-nested 1208ms (cache miss)
464 silly packumentCache full:https://registry.npmjs.org/postcss-nested set size:undefined disposed:false
465 http fetch GET 200 https://registry.npmjs.org/postcss-selector-parser 1569ms (cache miss)
466 silly packumentCache full:https://registry.npmjs.org/postcss-selector-parser set size:undefined disposed:false
467 http fetch GET 200 https://registry.npmjs.org/didyoumean 3409ms (cache miss)
468 silly packumentCache full:https://registry.npmjs.org/didyoumean set size:undefined disposed:false
469 http fetch GET 200 https://registry.npmjs.org/scheduler 7779ms (cache miss)
470 silly packumentCache full:https://registry.npmjs.org/scheduler set size:undefined disposed:false
471 http fetch GET 200 https://registry.npmjs.org/caniuse-lite 22025ms (cache miss)
472 silly packumentCache full:https://registry.npmjs.org/caniuse-lite set size:undefined disposed:false
473 http fetch GET 200 https://registry.npmjs.org/@next%2fswc-darwin-arm64 23845ms (cache miss)
474 silly packumentCache full:https://registry.npmjs.org/@next%2fswc-darwin-arm64 set size:undefined disposed:false
475 http fetch GET 200 https://registry.npmjs.org/@next%2fswc-win32-x64-msvc 22029ms (cache miss)
476 silly packumentCache full:https://registry.npmjs.org/@next%2fswc-win32-x64-msvc set size:undefined disposed:false
477 http fetch GET 200 https://registry.npmjs.org/@prisma%2fengines 15392ms (cache miss)
478 silly packumentCache full:https://registry.npmjs.org/@prisma%2fengines set size:undefined disposed:false
479 silly placeDep ROOT undici-types@6.21.0 OK for: @types/node@20.19.39 want: ~6.21.0
480 silly placeDep ROOT @types/prop-types@15.7.15 OK for: @types/react@18.3.28 want: *
481 silly placeDep ROOT csstype@3.2.3 OK for: @types/react@18.3.28 want: ^3.2.2
482 silly fetch manifest eslint@^6.0.0 || ^7.0.0 || >=8.0.0
483 silly packumentCache full:https://registry.npmjs.org/eslint cache-miss
484 http cache https://registry.npmjs.org/eslint 11ms (cache hit)
485 silly packumentCache full:https://registry.npmjs.org/eslint set size:1976900 disposed:false
486 silly fetch manifest jiti@*
487 silly packumentCache full:https://registry.npmjs.org/jiti cache-miss
488 http cache https://registry.npmjs.org/jiti 4ms (cache hit)
489 silly packumentCache full:https://registry.npmjs.org/jiti set size:382310 disposed:false
490 silly placeDep ROOT @eslint-community/eslint-utils@4.9.1 OK for: eslint@8.57.1 want: ^4.2.0
491 silly placeDep ROOT @eslint-community/regexpp@4.12.2 OK for: eslint@8.57.1 want: ^4.6.1
492 silly placeDep ROOT @eslint/eslintrc@2.1.4 OK for: eslint@8.57.1 want: ^2.1.4
493 silly placeDep ROOT @eslint/js@8.57.1 OK for: eslint@8.57.1 want: 8.57.1
494 silly placeDep ROOT @humanwhocodes/config-array@0.13.0 OK for: eslint@8.57.1 want: ^0.13.0
495 silly placeDep ROOT @humanwhocodes/module-importer@1.0.1 OK for: eslint@8.57.1 want: ^1.0.1
496 silly placeDep ROOT @nodelib/fs.walk@1.2.8 OK for: eslint@8.57.1 want: ^1.2.8
497 silly placeDep ROOT @ungap/structured-clone@1.3.0 OK for: eslint@8.57.1 want: ^1.2.0
498 silly placeDep ROOT ajv@6.14.0 OK for: eslint@8.57.1 want: ^6.12.4
499 silly placeDep ROOT chalk@4.1.2 OK for: eslint@8.57.1 want: ^4.0.0
500 silly placeDep ROOT cross-spawn@7.0.6 OK for: eslint@8.57.1 want: ^7.0.2
501 silly placeDep ROOT debug@4.4.3 OK for: eslint@8.57.1 want: ^4.3.2
502 silly placeDep ROOT doctrine@3.0.0 OK for: eslint@8.57.1 want: ^3.0.0
503 silly placeDep ROOT escape-string-regexp@4.0.0 OK for: eslint@8.57.1 want: ^4.0.0
504 silly placeDep ROOT eslint-scope@7.2.2 OK for: eslint@8.57.1 want: ^7.2.2
505 silly placeDep ROOT eslint-visitor-keys@3.4.3 OK for: eslint@8.57.1 want: ^3.4.3
506 silly placeDep ROOT espree@9.6.1 OK for: eslint@8.57.1 want: ^9.6.1
507 silly placeDep ROOT esquery@1.7.0 OK for: eslint@8.57.1 want: ^1.4.2
508 silly placeDep ROOT esutils@2.0.3 OK for: eslint@8.57.1 want: ^2.0.2
509 silly placeDep ROOT fast-deep-equal@3.1.3 OK for: eslint@8.57.1 want: ^3.1.3
510 silly placeDep ROOT file-entry-cache@6.0.1 OK for: eslint@8.57.1 want: ^6.0.1
511 silly placeDep ROOT find-up@5.0.0 OK for: eslint@8.57.1 want: ^5.0.0
512 silly placeDep ROOT glob-parent@6.0.2 OK for: eslint@8.57.1 want: ^6.0.2
513 silly placeDep ROOT globals@13.24.0 OK for: eslint@8.57.1 want: ^13.19.0
514 silly placeDep ROOT graphemer@1.4.0 OK for: eslint@8.57.1 want: ^1.4.0
515 silly placeDep ROOT ignore@5.3.2 OK for: eslint@8.57.1 want: ^5.2.0
516 silly placeDep ROOT imurmurhash@0.1.4 OK for: eslint@8.57.1 want: ^0.1.4
517 silly placeDep ROOT is-glob@4.0.3 OK for: eslint@8.57.1 want: ^4.0.0
518 silly placeDep ROOT is-path-inside@3.0.3 OK for: eslint@8.57.1 want: ^3.0.3
519 silly placeDep ROOT js-yaml@4.1.1 OK for: eslint@8.57.1 want: ^4.1.0
520 silly placeDep ROOT json-stable-stringify-without-jsonify@1.0.1 OK for: eslint@8.57.1 want: ^1.0.1
521 silly placeDep ROOT levn@0.4.1 OK for: eslint@8.57.1 want: ^0.4.1
522 silly placeDep ROOT lodash.merge@4.6.2 OK for: eslint@8.57.1 want: ^4.6.2
523 silly placeDep ROOT minimatch@3.1.5 OK for: eslint@8.57.1 want: ^3.1.2
524 silly placeDep ROOT natural-compare@1.4.0 OK for: eslint@8.57.1 want: ^1.4.0
525 silly placeDep ROOT optionator@0.9.4 OK for: eslint@8.57.1 want: ^0.9.3
526 silly placeDep ROOT strip-ansi@6.0.1 OK for: eslint@8.57.1 want: ^6.0.1
527 silly placeDep ROOT text-table@0.2.0 OK for: eslint@8.57.1 want: ^0.2.0
528 silly fetch manifest espree@^9.6.0
529 silly packumentCache full:https://registry.npmjs.org/espree cache-miss
530 silly fetch manifest import-fresh@^3.2.1
531 silly packumentCache full:https://registry.npmjs.org/import-fresh cache-miss
532 silly fetch manifest strip-json-comments@^3.1.1
533 silly packumentCache full:https://registry.npmjs.org/strip-json-comments cache-miss
534 silly fetch manifest debug@^4.3.1
535 silly packumentCache full:https://registry.npmjs.org/debug cache-miss
536 silly fetch manifest minimatch@^3.0.5
537 silly packumentCache full:https://registry.npmjs.org/minimatch cache-miss
538 silly fetch manifest @humanwhocodes/object-schema@^2.0.3
539 silly packumentCache full:https://registry.npmjs.org/@humanwhocodes%2fobject-schema cache-miss
540 silly fetch manifest fastq@^1.6.0
541 silly packumentCache full:https://registry.npmjs.org/fastq cache-miss
542 silly fetch manifest @nodelib/fs.scandir@2.1.5
543 silly packumentCache full:https://registry.npmjs.org/@nodelib%2ffs.scandir cache-miss
544 silly fetch manifest fast-deep-equal@^3.1.1
545 silly packumentCache full:https://registry.npmjs.org/fast-deep-equal cache-miss
546 http cache https://registry.npmjs.org/debug 9ms (cache hit)
547 silly packumentCache full:https://registry.npmjs.org/debug set size:195840 disposed:false
548 silly fetch manifest fast-json-stable-stringify@^2.0.0
549 silly packumentCache full:https://registry.npmjs.org/fast-json-stable-stringify cache-miss
550 http cache https://registry.npmjs.org/minimatch 11ms (cache hit)
551 silly packumentCache full:https://registry.npmjs.org/minimatch set size:375282 disposed:false
552 silly fetch manifest json-schema-traverse@^0.4.1
553 silly packumentCache full:https://registry.npmjs.org/json-schema-traverse cache-miss
554 http cache https://registry.npmjs.org/espree 15ms (cache hit)
555 silly packumentCache full:https://registry.npmjs.org/espree set size:326080 disposed:false
556 silly fetch manifest uri-js@^4.2.2
557 silly packumentCache full:https://registry.npmjs.org/uri-js cache-miss
558 http cache https://registry.npmjs.org/fast-deep-equal 16ms (cache hit)
559 silly packumentCache full:https://registry.npmjs.org/fast-deep-equal set size:48634 disposed:false
560 silly fetch manifest ansi-styles@^4.1.0
561 silly packumentCache full:https://registry.npmjs.org/ansi-styles cache-miss
562 http fetch GET 200 https://registry.npmjs.org/ansi-styles 104ms (cache miss)
563 silly packumentCache full:https://registry.npmjs.org/ansi-styles set size:undefined disposed:false
564 silly fetch manifest supports-color@^7.1.0
565 silly packumentCache full:https://registry.npmjs.org/supports-color cache-miss
566 http fetch GET 200 https://registry.npmjs.org/import-fresh 123ms (cache miss)
567 silly packumentCache full:https://registry.npmjs.org/import-fresh set size:undefined disposed:false
568 silly fetch manifest which@^2.0.1
569 silly packumentCache full:https://registry.npmjs.org/which cache-miss
570 http fetch GET 200 https://registry.npmjs.org/@nodelib%2ffs.scandir 144ms (cache miss)
571 silly packumentCache full:https://registry.npmjs.org/@nodelib%2ffs.scandir set size:undefined disposed:false
572 silly fetch manifest path-key@^3.1.0
573 silly packumentCache full:https://registry.npmjs.org/path-key cache-miss
574 http fetch GET 200 https://registry.npmjs.org/json-schema-traverse 192ms (cache miss)
575 silly packumentCache full:https://registry.npmjs.org/json-schema-traverse set size:undefined disposed:false
576 silly fetch manifest shebang-command@^2.0.0
577 silly packumentCache full:https://registry.npmjs.org/shebang-command cache-miss
578 http fetch GET 200 https://registry.npmjs.org/fastq 216ms (cache miss)
579 silly packumentCache full:https://registry.npmjs.org/fastq set size:undefined disposed:false
580 silly fetch manifest ms@^2.1.3
581 silly packumentCache full:https://registry.npmjs.org/ms cache-miss
582 http fetch GET 200 https://registry.npmjs.org/uri-js 203ms (cache miss)
583 silly packumentCache full:https://registry.npmjs.org/uri-js set size:undefined disposed:false
584 silly fetch manifest esrecurse@^4.3.0
585 silly packumentCache full:https://registry.npmjs.org/esrecurse cache-miss
586 http fetch GET 200 https://registry.npmjs.org/strip-json-comments 220ms (cache miss)
587 silly packumentCache full:https://registry.npmjs.org/strip-json-comments set size:undefined disposed:false
588 silly fetch manifest estraverse@^5.2.0
589 silly packumentCache full:https://registry.npmjs.org/estraverse cache-miss
590 http fetch GET 200 https://registry.npmjs.org/@humanwhocodes%2fobject-schema 220ms (cache miss)
591 silly packumentCache full:https://registry.npmjs.org/@humanwhocodes%2fobject-schema set size:undefined disposed:false
592 silly fetch manifest acorn@^8.9.0
593 silly packumentCache full:https://registry.npmjs.org/acorn cache-miss
594 http cache https://registry.npmjs.org/estraverse 3ms (cache hit)
595 silly packumentCache full:https://registry.npmjs.org/estraverse set size:62412 disposed:false
596 silly fetch manifest acorn-jsx@^5.3.2
597 silly packumentCache full:https://registry.npmjs.org/acorn-jsx cache-miss
598 http fetch GET 200 https://registry.npmjs.org/supports-color 126ms (cache miss)
599 silly packumentCache full:https://registry.npmjs.org/supports-color set size:undefined disposed:false
600 silly fetch manifest estraverse@^5.1.0
601 silly packumentCache full:https://registry.npmjs.org/estraverse cache-hit
602 silly fetch manifest flat-cache@^3.0.4
603 silly packumentCache full:https://registry.npmjs.org/flat-cache cache-miss
604 http fetch GET 200 https://registry.npmjs.org/which 132ms (cache miss)
605 silly packumentCache full:https://registry.npmjs.org/which set size:undefined disposed:false
606 silly fetch manifest locate-path@^6.0.0
607 silly packumentCache full:https://registry.npmjs.org/locate-path cache-miss
608 http fetch GET 200 https://registry.npmjs.org/fast-json-stable-stringify 246ms (cache miss)
609 silly packumentCache full:https://registry.npmjs.org/fast-json-stable-stringify set size:undefined disposed:false
610 silly fetch manifest path-exists@^4.0.0
611 silly packumentCache full:https://registry.npmjs.org/path-exists cache-miss
612 http fetch GET 200 https://registry.npmjs.org/shebang-command 96ms (cache miss)
613 silly packumentCache full:https://registry.npmjs.org/shebang-command set size:undefined disposed:false
614 silly fetch manifest type-fest@^0.20.2
615 silly packumentCache full:https://registry.npmjs.org/type-fest cache-miss
616 http fetch GET 200 https://registry.npmjs.org/path-key 168ms (cache miss)
617 silly packumentCache full:https://registry.npmjs.org/path-key set size:undefined disposed:false
618 silly fetch manifest is-extglob@^2.1.1
619 silly packumentCache full:https://registry.npmjs.org/is-extglob cache-miss
620 http fetch GET 200 https://registry.npmjs.org/locate-path 148ms (cache miss)
621 silly packumentCache full:https://registry.npmjs.org/locate-path set size:undefined disposed:false
622 silly fetch manifest argparse@^2.0.1
623 silly packumentCache full:https://registry.npmjs.org/argparse cache-miss
624 http fetch GET 200 https://registry.npmjs.org/flat-cache 155ms (cache miss)
625 silly packumentCache full:https://registry.npmjs.org/flat-cache set size:undefined disposed:false
626 silly fetch manifest prelude-ls@^1.2.1
627 silly packumentCache full:https://registry.npmjs.org/prelude-ls cache-miss
628 http fetch GET 200 https://registry.npmjs.org/path-exists 153ms (cache miss)
629 silly packumentCache full:https://registry.npmjs.org/path-exists set size:undefined disposed:false
630 silly fetch manifest type-check@~0.4.0
631 silly packumentCache full:https://registry.npmjs.org/type-check cache-miss
632 http fetch GET 200 https://registry.npmjs.org/is-extglob 98ms (cache miss)
633 silly packumentCache full:https://registry.npmjs.org/is-extglob set size:undefined disposed:false
634 silly fetch manifest brace-expansion@^1.1.7
635 silly packumentCache full:https://registry.npmjs.org/brace-expansion cache-miss
636 http cache https://registry.npmjs.org/brace-expansion 3ms (cache hit)
637 silly packumentCache full:https://registry.npmjs.org/brace-expansion set size:65768 disposed:false
638 silly fetch manifest prelude-ls@^1.2.1
639 silly packumentCache full:https://registry.npmjs.org/prelude-ls cache-miss
640 http fetch GET 200 https://registry.npmjs.org/ms 217ms (cache miss)
641 silly packumentCache full:https://registry.npmjs.org/ms set size:undefined disposed:false
642 silly fetch manifest deep-is@^0.1.3
643 silly packumentCache full:https://registry.npmjs.org/deep-is cache-miss
644 http fetch GET 200 https://registry.npmjs.org/prelude-ls 234ms (cache miss)
645 silly packumentCache full:https://registry.npmjs.org/prelude-ls set size:undefined disposed:false
646 silly fetch manifest word-wrap@^1.2.5
647 silly packumentCache full:https://registry.npmjs.org/word-wrap cache-miss
648 http fetch GET 200 https://registry.npmjs.org/word-wrap 72ms (cache miss)
649 silly packumentCache full:https://registry.npmjs.org/word-wrap set size:undefined disposed:false
650 silly fetch manifest type-check@^0.4.0
651 silly packumentCache full:https://registry.npmjs.org/type-check cache-miss
652 http fetch GET 200 https://registry.npmjs.org/argparse 430ms (cache miss)
653 silly packumentCache full:https://registry.npmjs.org/argparse set size:undefined disposed:false
654 silly fetch manifest fast-levenshtein@^2.0.6
655 silly packumentCache full:https://registry.npmjs.org/fast-levenshtein cache-miss
656 http fetch GET 200 https://registry.npmjs.org/type-check 125ms (cache miss)
657 silly packumentCache full:https://registry.npmjs.org/type-check set size:undefined disposed:false
658 silly fetch manifest ansi-regex@^5.0.1
659 silly packumentCache full:https://registry.npmjs.org/ansi-regex cache-miss
660 http fetch GET 200 https://registry.npmjs.org/deep-is 468ms (cache miss)
661 silly packumentCache full:https://registry.npmjs.org/deep-is set size:undefined disposed:false
662 http fetch GET 200 https://registry.npmjs.org/ansi-regex 195ms (cache miss)
663 silly packumentCache full:https://registry.npmjs.org/ansi-regex set size:undefined disposed:false
664 http fetch GET 200 https://registry.npmjs.org/fast-levenshtein 203ms (cache miss)
665 silly packumentCache full:https://registry.npmjs.org/fast-levenshtein set size:undefined disposed:false
666 http fetch GET 200 https://registry.npmjs.org/type-check 696ms (cache miss)
667 silly packumentCache full:https://registry.npmjs.org/type-check set size:undefined disposed:false
668 http fetch GET 200 https://registry.npmjs.org/acorn-jsx 1228ms (cache miss)
669 silly packumentCache full:https://registry.npmjs.org/acorn-jsx set size:undefined disposed:false
670 http fetch GET 200 https://registry.npmjs.org/prelude-ls 1144ms (cache miss)
671 silly packumentCache full:https://registry.npmjs.org/prelude-ls set size:undefined disposed:false
672 http fetch GET 200 https://registry.npmjs.org/acorn 1532ms (cache miss)
673 silly packumentCache full:https://registry.npmjs.org/acorn set size:undefined disposed:false
674 http fetch GET 200 https://registry.npmjs.org/esrecurse 2223ms (cache miss)
675 silly packumentCache full:https://registry.npmjs.org/esrecurse set size:undefined disposed:false
676 http fetch GET 200 https://registry.npmjs.org/type-fest 3307ms (cache miss)
677 silly packumentCache full:https://registry.npmjs.org/type-fest set size:undefined disposed:false
678 silly placeDep ROOT import-fresh@3.3.1 OK for: @eslint/eslintrc@2.1.4 want: ^3.2.1
679 silly placeDep ROOT strip-json-comments@3.1.1 OK for: @eslint/eslintrc@2.1.4 want: ^3.1.1
680 silly fetch manifest resolve-from@^4.0.0
681 silly packumentCache full:https://registry.npmjs.org/resolve-from cache-miss
682 silly fetch manifest parent-module@^1.0.0
683 silly packumentCache full:https://registry.npmjs.org/parent-module cache-miss
684 http fetch GET 200 https://registry.npmjs.org/resolve-from 259ms (cache miss)
685 silly packumentCache full:https://registry.npmjs.org/resolve-from set size:undefined disposed:false
686 http fetch GET 200 https://registry.npmjs.org/parent-module 260ms (cache miss)
687 silly packumentCache full:https://registry.npmjs.org/parent-module set size:undefined disposed:false
688 silly placeDep ROOT @humanwhocodes/object-schema@2.0.3 OK for: @humanwhocodes/config-array@0.13.0 want: ^2.0.3
689 silly placeDep ROOT @nodelib/fs.scandir@2.1.5 OK for: @nodelib/fs.walk@1.2.8 want: 2.1.5
690 silly placeDep ROOT fastq@1.20.1 OK for: @nodelib/fs.walk@1.2.8 want: ^1.6.0
691 silly fetch manifest run-parallel@^1.1.9
692 silly packumentCache full:https://registry.npmjs.org/run-parallel cache-miss
693 silly fetch manifest @nodelib/fs.stat@2.0.5
694 silly packumentCache full:https://registry.npmjs.org/@nodelib%2ffs.stat cache-miss
695 silly fetch manifest reusify@^1.0.4
696 silly packumentCache full:https://registry.npmjs.org/reusify cache-miss
697 http fetch GET 200 https://registry.npmjs.org/run-parallel 236ms (cache miss)
698 silly packumentCache full:https://registry.npmjs.org/run-parallel set size:undefined disposed:false
699 http fetch GET 200 https://registry.npmjs.org/reusify 237ms (cache miss)
700 silly packumentCache full:https://registry.npmjs.org/reusify set size:undefined disposed:false
701 http fetch GET 200 https://registry.npmjs.org/@nodelib%2ffs.stat 279ms (cache miss)
702 silly packumentCache full:https://registry.npmjs.org/@nodelib%2ffs.stat set size:undefined disposed:false
703 silly placeDep ROOT @nodelib/fs.stat@2.0.5 OK for: @nodelib/fs.scandir@2.1.5 want: 2.0.5
704 silly placeDep ROOT run-parallel@1.2.0 OK for: @nodelib/fs.scandir@2.1.5 want: ^1.1.9
705 silly fetch manifest queue-microtask@^1.2.2
706 silly packumentCache full:https://registry.npmjs.org/queue-microtask cache-miss
707 http fetch GET 200 https://registry.npmjs.org/queue-microtask 1056ms (cache miss)
708 silly packumentCache full:https://registry.npmjs.org/queue-microtask set size:undefined disposed:false
709 silly placeDep ROOT fast-json-stable-stringify@2.1.0 OK for: ajv@6.14.0 want: ^2.0.0
710 silly placeDep ROOT json-schema-traverse@0.4.1 OK for: ajv@6.14.0 want: ^0.4.1
711 silly placeDep ROOT uri-js@4.4.1 OK for: ajv@6.14.0 want: ^4.2.2
712 silly fetch manifest punycode@^2.1.0
713 silly packumentCache full:https://registry.npmjs.org/punycode cache-miss
714 http fetch GET 200 https://registry.npmjs.org/punycode 1418ms (cache miss)
715 silly packumentCache full:https://registry.npmjs.org/punycode set size:undefined disposed:false
716 silly placeDep ROOT ansi-styles@4.3.0 OK for: chalk@4.1.2 want: ^4.1.0
717 silly placeDep ROOT supports-color@7.2.0 OK for: chalk@4.1.2 want: ^7.1.0
718 silly fetch manifest color-convert@^2.0.1
719 silly packumentCache full:https://registry.npmjs.org/color-convert cache-miss
720 silly fetch manifest has-flag@^4.0.0
721 silly packumentCache full:https://registry.npmjs.org/has-flag cache-miss
722 http cache https://registry.npmjs.org/color-convert 6ms (cache hit)
723 silly packumentCache full:https://registry.npmjs.org/color-convert set size:72663 disposed:false
724 http fetch GET 200 https://registry.npmjs.org/has-flag 742ms (cache miss)
725 silly packumentCache full:https://registry.npmjs.org/has-flag set size:undefined disposed:false
726 silly placeDep ROOT color-convert@2.0.1 OK for: ansi-styles@4.3.0 want: ^2.0.1
727 silly fetch manifest color-name@~1.1.4
728 silly packumentCache full:https://registry.npmjs.org/color-name cache-miss
729 http cache https://registry.npmjs.org/color-name 3ms (cache hit)
730 silly packumentCache full:https://registry.npmjs.org/color-name set size:19467 disposed:false
731 silly placeDep ROOT color-name@1.1.4 OK for: color-convert@2.0.1 want: ~1.1.4
732 silly placeDep ROOT path-key@3.1.1 OK for: cross-spawn@7.0.6 want: ^3.1.0
733 silly placeDep ROOT shebang-command@2.0.0 OK for: cross-spawn@7.0.6 want: ^2.0.0
734 silly placeDep ROOT which@2.0.2 OK for: cross-spawn@7.0.6 want: ^2.0.1
735 silly fetch manifest shebang-regex@^3.0.0
736 silly packumentCache full:https://registry.npmjs.org/shebang-regex cache-miss
737 silly fetch manifest isexe@^2.0.0
738 silly packumentCache full:https://registry.npmjs.org/isexe cache-miss
739 http cache https://registry.npmjs.org/isexe 3ms (cache hit)
740 silly packumentCache full:https://registry.npmjs.org/isexe set size:31756 disposed:false
741 http cache https://registry.npmjs.org/shebang-regex 5ms (cache hit)
742 silly packumentCache full:https://registry.npmjs.org/shebang-regex set size:9763 disposed:false
743 silly placeDep ROOT ms@2.1.3 OK for: debug@4.4.3 want: ^2.1.3
744 silly fetch manifest eslint@^7.23.0 || ^8.0.0 || ^9.0.0
745 silly packumentCache full:https://registry.npmjs.org/eslint cache-miss
746 http cache https://registry.npmjs.org/eslint 5ms (cache hit)
747 silly packumentCache full:https://registry.npmjs.org/eslint set size:1976900 disposed:false
748 silly fetch manifest typescript@>=3.3.1
749 silly packumentCache full:https://registry.npmjs.org/typescript cache-miss
750 http cache https://registry.npmjs.org/typescript 27ms (cache hit)
751 silly packumentCache full:https://registry.npmjs.org/typescript set size:15409943 disposed:false
752 silly fetch manifest eslint-plugin-import-x@*
753 silly packumentCache full:https://registry.npmjs.org/eslint-plugin-import-x cache-miss
754 http cache https://registry.npmjs.org/eslint-plugin-import-x 3ms (cache hit)
755 silly packumentCache full:https://registry.npmjs.org/eslint-plugin-import-x set size:270770 disposed:false
756 silly fetch manifest @typescript-eslint/utils@^8.56.0
757 silly packumentCache full:https://registry.npmjs.org/@typescript-eslint%2futils cache-miss
758 http cache https://registry.npmjs.org/@typescript-eslint%2futils 18ms (cache hit)
759 silly packumentCache full:https://registry.npmjs.org/@typescript-eslint%2futils set size:9968289 disposed:false
760 silly placeDep ROOT @next/eslint-plugin-next@15.0.3 OK for: eslint-config-next@15.0.3 want: 15.0.3
761 silly placeDep ROOT @rushstack/eslint-patch@1.16.1 OK for: eslint-config-next@15.0.3 want: ^1.10.3
762 silly placeDep ROOT @typescript-eslint/eslint-plugin@8.58.2 OK for: eslint-config-next@15.0.3 want: ^5.4.2 || ^6.0.0 || ^7.0.0 || ^8.0.0
763 silly placeDep ROOT @typescript-eslint/parser@8.58.2 OK for: @typescript-eslint/eslint-plugin@8.58.2 want: ^8.58.2
764 silly placeDep ROOT eslint-import-resolver-node@0.3.10 OK for: eslint-config-next@15.0.3 want: ^0.3.6
765 silly placeDep ROOT eslint-import-resolver-typescript@3.10.1 OK for: eslint-config-next@15.0.3 want: ^3.5.2
766 silly placeDep ROOT eslint-plugin-import@2.32.0 OK for: eslint-config-next@15.0.3 want: ^2.31.0
767 silly placeDep ROOT eslint-plugin-jsx-a11y@6.10.2 OK for: eslint-config-next@15.0.3 want: ^6.10.0
768 silly placeDep ROOT eslint-plugin-react@7.37.5 OK for: eslint-config-next@15.0.3 want: ^7.35.0
769 silly placeDep ROOT eslint-plugin-react-hooks@5.2.0 OK for: eslint-config-next@15.0.3 want: ^5.0.0
770 silly fetch manifest fast-glob@3.3.1
771 silly packumentCache full:https://registry.npmjs.org/fast-glob cache-hit
772 silly fetch manifest ignore@^7.0.5
773 silly packumentCache full:https://registry.npmjs.org/ignore cache-hit
774 silly fetch manifest ts-api-utils@^2.5.0
775 silly packumentCache full:https://registry.npmjs.org/ts-api-utils cache-miss
776 silly fetch manifest @typescript-eslint/utils@8.58.2
777 silly packumentCache full:https://registry.npmjs.org/@typescript-eslint%2futils cache-miss
778 silly fetch manifest @typescript-eslint/type-utils@8.58.2
779 silly packumentCache full:https://registry.npmjs.org/@typescript-eslint%2ftype-utils cache-miss
780 silly fetch manifest @typescript-eslint/visitor-keys@8.58.2
781 silly packumentCache full:https://registry.npmjs.org/@typescript-eslint%2fvisitor-keys cache-miss
782 silly fetch manifest @typescript-eslint/scope-manager@8.58.2
783 silly packumentCache full:https://registry.npmjs.org/@typescript-eslint%2fscope-manager cache-miss
784 silly fetch manifest @typescript-eslint/types@8.58.2
785 silly packumentCache full:https://registry.npmjs.org/@typescript-eslint%2ftypes cache-miss
786 silly fetch manifest @typescript-eslint/visitor-keys@8.58.2
787 silly packumentCache full:https://registry.npmjs.org/@typescript-eslint%2fvisitor-keys cache-miss
788 silly fetch manifest @typescript-eslint/scope-manager@8.58.2
789 silly packumentCache full:https://registry.npmjs.org/@typescript-eslint%2fscope-manager cache-miss
790 silly fetch manifest @typescript-eslint/typescript-estree@8.58.2
791 silly packumentCache full:https://registry.npmjs.org/@typescript-eslint%2ftypescript-estree cache-miss
792 http cache https://registry.npmjs.org/ts-api-utils 12ms (cache hit)
793 silly packumentCache full:https://registry.npmjs.org/ts-api-utils set size:226785 disposed:false
794 silly fetch manifest debug@^3.2.7
795 silly packumentCache full:https://registry.npmjs.org/debug cache-hit
796 silly fetch manifest is-core-module@^2.16.1
797 silly packumentCache full:https://registry.npmjs.org/is-core-module cache-miss
798 http cache https://registry.npmjs.org/@typescript-eslint%2fvisitor-keys 33ms (cache hit)
799 silly packumentCache full:https://registry.npmjs.org/@typescript-eslint%2fvisitor-keys set size:11691578 disposed:false
800 silly fetch manifest resolve@^2.0.0-next.6
801 silly packumentCache full:https://registry.npmjs.org/resolve cache-hit
802 silly fetch manifest tinyglobby@^0.2.13
803 silly packumentCache full:https://registry.npmjs.org/tinyglobby cache-miss
804 http cache https://registry.npmjs.org/@typescript-eslint%2fvisitor-keys 88ms (cache hit)
805 silly packumentCache full:https://registry.npmjs.org/@typescript-eslint%2fvisitor-keys set size:11691578 disposed:false
806 silly fetch manifest stable-hash@^0.0.5
807 silly packumentCache full:https://registry.npmjs.org/stable-hash cache-miss
808 http cache https://registry.npmjs.org/@typescript-eslint%2ftypes 139ms (cache hit)
809 silly packumentCache full:https://registry.npmjs.org/@typescript-eslint%2ftypes set size:12084639 disposed:false
810 silly fetch manifest get-tsconfig@^4.10.0
811 silly packumentCache full:https://registry.npmjs.org/get-tsconfig cache-miss
812 http cache https://registry.npmjs.org/@typescript-eslint%2futils 209ms (cache hit)
813 silly packumentCache full:https://registry.npmjs.org/@typescript-eslint%2futils set size:9968289 disposed:false
814 silly fetch manifest is-bun-module@^2.0.0
815 silly packumentCache full:https://registry.npmjs.org/is-bun-module cache-miss
816 http cache https://registry.npmjs.org/@typescript-eslint%2fscope-manager 256ms (cache hit)
817 silly packumentCache full:https://registry.npmjs.org/@typescript-eslint%2fscope-manager set size:12275494 disposed:false
818 silly fetch manifest unrs-resolver@^1.6.2
819 silly packumentCache full:https://registry.npmjs.org/unrs-resolver cache-miss
820 http cache https://registry.npmjs.org/@typescript-eslint%2ftype-utils 307ms (cache hit)
821 silly packumentCache full:https://registry.npmjs.org/@typescript-eslint%2ftype-utils set size:9152340 disposed:false
822 silly fetch manifest @nolyfill/is-core-module@1.0.39
823 silly packumentCache full:https://registry.npmjs.org/@nolyfill%2fis-core-module cache-miss
824 http cache https://registry.npmjs.org/@typescript-eslint%2ftypescript-estree 356ms (cache hit)
825 silly packumentCache full:https://registry.npmjs.org/@typescript-eslint%2ftypescript-estree set size:16215399 disposed:false
826 silly fetch manifest @rtsao/scc@^1.1.0
827 silly packumentCache full:https://registry.npmjs.org/@rtsao%2fscc cache-miss
828 http cache https://registry.npmjs.org/@typescript-eslint%2fscope-manager 424ms (cache hit)
829 silly packumentCache full:https://registry.npmjs.org/@typescript-eslint%2fscope-manager set size:12275494 disposed:false
830 silly fetch manifest array-includes@^3.1.9
831 silly packumentCache full:https://registry.npmjs.org/array-includes cache-miss
832 http cache https://registry.npmjs.org/is-core-module 453ms (cache hit)
833 silly packumentCache full:https://registry.npmjs.org/is-core-module set size:71788 disposed:false
834 silly fetch manifest array.prototype.findlastindex@^1.2.6
835 silly packumentCache full:https://registry.npmjs.org/array.prototype.findlastindex cache-miss
836 http cache https://registry.npmjs.org/tinyglobby 395ms (cache hit)
837 silly packumentCache full:https://registry.npmjs.org/tinyglobby set size:52660 disposed:false
838 silly fetch manifest array.prototype.flat@^1.3.3
839 silly packumentCache full:https://registry.npmjs.org/array.prototype.flat cache-miss
840 http cache https://registry.npmjs.org/stable-hash 344ms (cache hit)
841 silly packumentCache full:https://registry.npmjs.org/stable-hash set size:18359 disposed:false
842 silly fetch manifest array.prototype.flatmap@^1.3.3
843 silly packumentCache full:https://registry.npmjs.org/array.prototype.flatmap cache-miss
844 http cache https://registry.npmjs.org/get-tsconfig 275ms (cache hit)
845 silly packumentCache full:https://registry.npmjs.org/get-tsconfig set size:125877 disposed:false
846 silly fetch manifest doctrine@^2.1.0
847 silly packumentCache full:https://registry.npmjs.org/doctrine cache-hit
848 silly fetch manifest eslint-module-utils@^2.12.1
849 silly packumentCache full:https://registry.npmjs.org/eslint-module-utils cache-miss
850 http cache https://registry.npmjs.org/@nolyfill%2fis-core-module 135ms (cache hit)
851 silly packumentCache full:https://registry.npmjs.org/@nolyfill%2fis-core-module set size:10461 disposed:false
852 silly fetch manifest hasown@^2.0.2
853 silly packumentCache full:https://registry.npmjs.org/hasown cache-miss
854 http cache https://registry.npmjs.org/array-includes 10ms (cache hit)
855 silly packumentCache full:https://registry.npmjs.org/array-includes set size:77143 disposed:false
856 silly fetch manifest object.fromentries@^2.0.8
857 silly packumentCache full:https://registry.npmjs.org/object.fromentries cache-miss
858 http cache https://registry.npmjs.org/is-bun-module 233ms (cache hit)
859 silly packumentCache full:https://registry.npmjs.org/is-bun-module set size:19768 disposed:false
860 silly fetch manifest object.groupby@^1.0.3
861 silly packumentCache full:https://registry.npmjs.org/object.groupby cache-miss
862 http cache https://registry.npmjs.org/@rtsao%2fscc 64ms (cache hit)
863 silly packumentCache full:https://registry.npmjs.org/@rtsao%2fscc set size:6332 disposed:false
864 silly fetch manifest object.values@^1.2.1
865 silly packumentCache full:https://registry.npmjs.org/object.values cache-miss
866 http cache https://registry.npmjs.org/unrs-resolver 179ms (cache hit)
867 silly packumentCache full:https://registry.npmjs.org/unrs-resolver set size:142730 disposed:false
868 silly fetch manifest semver@^6.3.1
869 silly packumentCache full:https://registry.npmjs.org/semver cache-miss
870 http cache https://registry.npmjs.org/array.prototype.flatmap 19ms (cache hit)
871 silly packumentCache full:https://registry.npmjs.org/array.prototype.flatmap set size:51458 disposed:false
872 silly fetch manifest string.prototype.trimend@^1.0.9
873 silly packumentCache full:https://registry.npmjs.org/string.prototype.trimend cache-miss
874 http cache https://registry.npmjs.org/array.prototype.findlastindex 22ms (cache hit)
875 silly packumentCache full:https://registry.npmjs.org/array.prototype.findlastindex set size:44828 disposed:false
876 silly fetch manifest tsconfig-paths@^3.15.0
877 silly packumentCache full:https://registry.npmjs.org/tsconfig-paths cache-miss
878 http cache https://registry.npmjs.org/eslint-module-utils 19ms (cache hit)
879 silly packumentCache full:https://registry.npmjs.org/eslint-module-utils set size:77496 disposed:false
880 silly fetch manifest aria-query@^5.3.2
881 silly packumentCache full:https://registry.npmjs.org/aria-query cache-miss
882 http cache https://registry.npmjs.org/array.prototype.flat 23ms (cache hit)
883 silly packumentCache full:https://registry.npmjs.org/array.prototype.flat set size:38327 disposed:false
884 silly fetch manifest array-includes@^3.1.8
885 silly packumentCache full:https://registry.npmjs.org/array-includes cache-hit
886 silly fetch manifest array.prototype.flatmap@^1.3.2
887 silly packumentCache full:https://registry.npmjs.org/array.prototype.flatmap cache-hit
888 silly fetch manifest ast-types-flow@^0.0.8
889 silly packumentCache full:https://registry.npmjs.org/ast-types-flow cache-miss
890 http cache https://registry.npmjs.org/hasown 21ms (cache hit)
891 silly packumentCache full:https://registry.npmjs.org/hasown set size:12476 disposed:false
892 silly fetch manifest axe-core@^4.10.0
893 silly packumentCache full:https://registry.npmjs.org/axe-core cache-miss
894 http cache https://registry.npmjs.org/object.fromentries 20ms (cache hit)
895 silly packumentCache full:https://registry.npmjs.org/object.fromentries set size:37686 disposed:false
896 silly fetch manifest axobject-query@^4.1.0
897 silly packumentCache full:https://registry.npmjs.org/axobject-query cache-miss
898 http cache https://registry.npmjs.org/object.values 20ms (cache hit)
899 silly packumentCache full:https://registry.npmjs.org/object.values set size:49009 disposed:false
900 silly fetch manifest damerau-levenshtein@^1.0.8
901 silly packumentCache full:https://registry.npmjs.org/damerau-levenshtein cache-miss
902 http cache https://registry.npmjs.org/object.groupby 20ms (cache hit)
903 silly packumentCache full:https://registry.npmjs.org/object.groupby set size:15504 disposed:false
904 silly fetch manifest emoji-regex@^9.2.2
905 silly packumentCache full:https://registry.npmjs.org/emoji-regex cache-miss
906 http cache https://registry.npmjs.org/semver 20ms (cache hit)
907 silly packumentCache full:https://registry.npmjs.org/semver set size:229620 disposed:false
908 silly fetch manifest jsx-ast-utils@^3.3.5
909 silly packumentCache full:https://registry.npmjs.org/jsx-ast-utils cache-miss
910 http cache https://registry.npmjs.org/string.prototype.trimend 21ms (cache hit)
911 silly packumentCache full:https://registry.npmjs.org/string.prototype.trimend set size:41090 disposed:false
912 silly fetch manifest language-tags@^1.0.9
913 silly packumentCache full:https://registry.npmjs.org/language-tags cache-miss
914 http cache https://registry.npmjs.org/tsconfig-paths 22ms (cache hit)
915 silly packumentCache full:https://registry.npmjs.org/tsconfig-paths set size:192565 disposed:false
916 silly fetch manifest safe-regex-test@^1.0.3
917 silly packumentCache full:https://registry.npmjs.org/safe-regex-test cache-miss
918 http cache https://registry.npmjs.org/ast-types-flow 22ms (cache hit)
919 silly packumentCache full:https://registry.npmjs.org/ast-types-flow set size:15144 disposed:false
920 silly fetch manifest string.prototype.includes@^2.0.1
921 silly packumentCache full:https://registry.npmjs.org/string.prototype.includes cache-miss
922 http cache https://registry.npmjs.org/axe-core 33ms (cache hit)
923 silly packumentCache full:https://registry.npmjs.org/axe-core set size:9260519 disposed:false
924 silly fetch manifest array.prototype.findlast@^1.2.5
925 silly packumentCache full:https://registry.npmjs.org/array.prototype.findlast cache-miss
926 http cache https://registry.npmjs.org/aria-query 75ms (cache hit)
927 silly packumentCache full:https://registry.npmjs.org/aria-query set size:98864 disposed:false
928 silly fetch manifest array.prototype.tosorted@^1.1.4
929 silly packumentCache full:https://registry.npmjs.org/array.prototype.tosorted cache-miss
930 http cache https://registry.npmjs.org/damerau-levenshtein 73ms (cache hit)
931 silly packumentCache full:https://registry.npmjs.org/damerau-levenshtein set size:23390 disposed:false
932 silly fetch manifest es-iterator-helpers@^1.2.1
933 silly packumentCache full:https://registry.npmjs.org/es-iterator-helpers cache-miss
934 http cache https://registry.npmjs.org/axobject-query 74ms (cache hit)
935 silly packumentCache full:https://registry.npmjs.org/axobject-query set size:75032 disposed:false
936 silly fetch manifest estraverse@^5.3.0
937 silly packumentCache full:https://registry.npmjs.org/estraverse cache-hit
938 silly fetch manifest jsx-ast-utils@^2.4.1 || ^3.0.0
939 silly packumentCache full:https://registry.npmjs.org/jsx-ast-utils cache-miss
940 http cache https://registry.npmjs.org/jsx-ast-utils 72ms (cache hit)
941 silly packumentCache full:https://registry.npmjs.org/jsx-ast-utils set size:115998 disposed:false
942 silly fetch manifest object.entries@^1.1.9
943 silly packumentCache full:https://registry.npmjs.org/object.entries cache-miss
944 http cache https://registry.npmjs.org/emoji-regex 76ms (cache hit)
945 silly packumentCache full:https://registry.npmjs.org/emoji-regex set size:89088 disposed:false
946 silly fetch manifest prop-types@^15.8.1
947 silly packumentCache full:https://registry.npmjs.org/prop-types cache-miss
948 http cache https://registry.npmjs.org/language-tags 64ms (cache hit)
949 silly packumentCache full:https://registry.npmjs.org/language-tags set size:38675 disposed:false
950 silly fetch manifest resolve@^2.0.0-next.5
951 silly packumentCache full:https://registry.npmjs.org/resolve cache-hit
952 silly fetch manifest string.prototype.matchall@^4.0.12
953 silly packumentCache full:https://registry.npmjs.org/string.prototype.matchall cache-miss
954 http cache https://registry.npmjs.org/safe-regex-test 62ms (cache hit)
955 silly packumentCache full:https://registry.npmjs.org/safe-regex-test set size:17412 disposed:false
956 silly fetch manifest string.prototype.repeat@^1.0.0
957 silly packumentCache full:https://registry.npmjs.org/string.prototype.repeat cache-miss
958 http cache https://registry.npmjs.org/string.prototype.includes 62ms (cache hit)
959 silly packumentCache full:https://registry.npmjs.org/string.prototype.includes set size:10217 disposed:false
960 http cache https://registry.npmjs.org/array.prototype.findlast 14ms (cache hit)
961 silly packumentCache full:https://registry.npmjs.org/array.prototype.findlast set size:40323 disposed:false
962 http cache https://registry.npmjs.org/array.prototype.tosorted 11ms (cache hit)
963 silly packumentCache full:https://registry.npmjs.org/array.prototype.tosorted set size:24661 disposed:false
964 http cache https://registry.npmjs.org/object.entries 8ms (cache hit)
965 silly packumentCache full:https://registry.npmjs.org/object.entries set size:50037 disposed:false
966 http cache https://registry.npmjs.org/es-iterator-helpers 11ms (cache hit)
967 silly packumentCache full:https://registry.npmjs.org/es-iterator-helpers set size:258484 disposed:false
968 http cache https://registry.npmjs.org/jsx-ast-utils 12ms (cache hit)
969 silly packumentCache full:https://registry.npmjs.org/jsx-ast-utils set size:115998 disposed:false
970 silly packumentCache full:https://registry.npmjs.org/jsx-ast-utils dispose
971 http cache https://registry.npmjs.org/prop-types 10ms (cache hit)
972 silly packumentCache full:https://registry.npmjs.org/prop-types set size:76747 disposed:false
973 http cache https://registry.npmjs.org/string.prototype.repeat 8ms (cache hit)
974 silly packumentCache full:https://registry.npmjs.org/string.prototype.repeat set size:8608 disposed:false
975 http cache https://registry.npmjs.org/string.prototype.matchall 8ms (cache hit)
976 silly packumentCache full:https://registry.npmjs.org/string.prototype.matchall set size:63239 disposed:false
977 silly placeDep ROOT fast-glob@3.3.1 OK for: @next/eslint-plugin-next@15.0.3 want: 3.3.1
978 silly fetch manifest merge2@^1.3.0
979 silly packumentCache full:https://registry.npmjs.org/merge2 cache-miss
980 silly fetch manifest micromatch@^4.0.4
981 silly packumentCache full:https://registry.npmjs.org/micromatch cache-hit
982 silly fetch manifest glob-parent@^5.1.2
983 silly packumentCache full:https://registry.npmjs.org/glob-parent cache-hit
984 http cache https://registry.npmjs.org/merge2 2ms (cache hit)
985 silly packumentCache full:https://registry.npmjs.org/merge2 set size:46159 disposed:false
986 silly fetch manifest typescript@>=4.8.4 <6.1.0
987 silly packumentCache full:https://registry.npmjs.org/typescript cache-miss
988 http cache https://registry.npmjs.org/typescript 20ms (cache hit)
989 silly packumentCache full:https://registry.npmjs.org/typescript set size:15409943 disposed:false
990 silly fetch manifest eslint@^8.57.0 || ^9.0.0 || ^10.0.0
991 silly packumentCache full:https://registry.npmjs.org/eslint cache-miss
992 http cache https://registry.npmjs.org/eslint 4ms (cache hit)
993 silly packumentCache full:https://registry.npmjs.org/eslint set size:1976900 disposed:false
994 silly placeDep ROOT @typescript-eslint/scope-manager@8.58.2 OK for: @typescript-eslint/eslint-plugin@8.58.2 want: 8.58.2
995 silly placeDep ROOT @typescript-eslint/type-utils@8.58.2 OK for: @typescript-eslint/eslint-plugin@8.58.2 want: 8.58.2
996 silly placeDep ROOT @typescript-eslint/utils@8.58.2 OK for: @typescript-eslint/eslint-plugin@8.58.2 want: 8.58.2
997 silly placeDep ROOT @typescript-eslint/visitor-keys@8.58.2 OK for: @typescript-eslint/eslint-plugin@8.58.2 want: 8.58.2
998 silly placeDep node_modules/@typescript-eslint/eslint-plugin ignore@7.0.5 OK for: @typescript-eslint/eslint-plugin@8.58.2 want: ^7.0.5
999 silly placeDep ROOT ts-api-utils@2.5.0 OK for: @typescript-eslint/eslint-plugin@8.58.2 want: ^2.5.0
1000 silly fetch manifest eslint-visitor-keys@^5.0.0
1001 silly packumentCache full:https://registry.npmjs.org/eslint-visitor-keys cache-hit
1002 silly placeDep ROOT @typescript-eslint/types@8.58.2 OK for: @typescript-eslint/parser@8.58.2 want: 8.58.2
1003 silly placeDep ROOT @typescript-eslint/typescript-estree@8.58.2 OK for: @typescript-eslint/parser@8.58.2 want: 8.58.2
1004 silly fetch manifest semver@^7.7.3
1005 silly packumentCache full:https://registry.npmjs.org/semver cache-hit
1006 silly fetch manifest minimatch@^10.2.2
1007 silly packumentCache full:https://registry.npmjs.org/minimatch cache-hit
1008 silly fetch manifest tinyglobby@^0.2.15
1009 silly packumentCache full:https://registry.npmjs.org/tinyglobby cache-hit
1010 silly fetch manifest @typescript-eslint/tsconfig-utils@8.58.2
1011 silly packumentCache full:https://registry.npmjs.org/@typescript-eslint%2ftsconfig-utils cache-miss
1012 silly fetch manifest @typescript-eslint/project-service@8.58.2
1013 silly packumentCache full:https://registry.npmjs.org/@typescript-eslint%2fproject-service cache-miss
1014 http cache https://registry.npmjs.org/@typescript-eslint%2fproject-service 4ms (cache hit)
1015 silly packumentCache full:https://registry.npmjs.org/@typescript-eslint%2fproject-service set size:1169154 disposed:false
1016 http cache https://registry.npmjs.org/@typescript-eslint%2ftsconfig-utils 10ms (cache hit)
1017 silly packumentCache full:https://registry.npmjs.org/@typescript-eslint%2ftsconfig-utils set size:1100640 disposed:false
1018 silly placeDep ROOT @typescript-eslint/project-service@8.58.2 OK for: @typescript-eslint/typescript-estree@8.58.2 want: 8.58.2
1019 silly placeDep ROOT @typescript-eslint/tsconfig-utils@8.58.2 OK for: @typescript-eslint/typescript-estree@8.58.2 want: 8.58.2
1020 silly placeDep node_modules/@typescript-eslint/typescript-estree minimatch@10.2.5 OK for: @typescript-eslint/typescript-estree@8.58.2 want: ^10.2.2
1021 silly placeDep ROOT semver@7.7.4 OK for: @typescript-eslint/typescript-estree@8.58.2 want: ^7.7.3
1022 silly placeDep ROOT tinyglobby@0.2.16 OK for: @typescript-eslint/typescript-estree@8.58.2 want: ^0.2.15
1023 silly fetch manifest @typescript-eslint/tsconfig-utils@^8.58.2
1024 silly packumentCache full:https://registry.npmjs.org/@typescript-eslint%2ftsconfig-utils cache-miss
1025 silly fetch manifest brace-expansion@^5.0.5
1026 silly packumentCache full:https://registry.npmjs.org/brace-expansion cache-hit
1027 silly fetch manifest fdir@^6.5.0
1028 silly packumentCache full:https://registry.npmjs.org/fdir cache-miss
1029 silly fetch manifest picomatch@^4.0.4
1030 silly packumentCache full:https://registry.npmjs.org/picomatch cache-miss
1031 http cache https://registry.npmjs.org/@typescript-eslint%2ftsconfig-utils 3ms (cache hit)
1032 silly packumentCache full:https://registry.npmjs.org/@typescript-eslint%2ftsconfig-utils set size:1100640 disposed:false
1033 http cache https://registry.npmjs.org/picomatch 8ms (cache hit)
1034 silly packumentCache full:https://registry.npmjs.org/picomatch set size:126376 disposed:false
1035 http cache https://registry.npmjs.org/fdir 9ms (cache hit)
1036 silly packumentCache full:https://registry.npmjs.org/fdir set size:136182 disposed:false
1037 silly placeDep node_modules/@typescript-eslint/visitor-keys eslint-visitor-keys@5.0.1 OK for: @typescript-eslint/visitor-keys@8.58.2 want: ^5.0.0
1038 silly placeDep node_modules/eslint-import-resolver-node debug@3.2.7 OK for: eslint-import-resolver-node@0.3.10 want: ^3.2.7
1039 silly placeDep ROOT is-core-module@2.16.1 OK for: eslint-import-resolver-node@0.3.10 want: ^2.16.1
1040 silly placeDep ROOT resolve@2.0.0-next.6 OK for: eslint-import-resolver-node@0.3.10 want: ^2.0.0-next.6
1041 silly fetch manifest es-errors@^1.3.0
1042 silly packumentCache full:https://registry.npmjs.org/es-errors cache-miss
1043 silly fetch manifest path-parse@^1.0.7
1044 silly packumentCache full:https://registry.npmjs.org/path-parse cache-miss
1045 silly fetch manifest object-keys@^1.1.1
1046 silly packumentCache full:https://registry.npmjs.org/object-keys cache-miss
1047 silly fetch manifest node-exports-info@^1.6.0
1048 silly packumentCache full:https://registry.npmjs.org/node-exports-info cache-miss
1049 silly fetch manifest supports-preserve-symlinks-flag@^1.0.0
1050 silly packumentCache full:https://registry.npmjs.org/supports-preserve-symlinks-flag cache-miss
1051 http cache https://registry.npmjs.org/node-exports-info 3ms (cache hit)
1052 silly packumentCache full:https://registry.npmjs.org/node-exports-info set size:58723 disposed:false
1053 http cache https://registry.npmjs.org/object-keys 4ms (cache hit)
1054 silly packumentCache full:https://registry.npmjs.org/object-keys set size:67744 disposed:false
1055 http cache https://registry.npmjs.org/es-errors 6ms (cache hit)
1056 silly packumentCache full:https://registry.npmjs.org/es-errors set size:16918 disposed:false
1057 http cache https://registry.npmjs.org/path-parse 6ms (cache hit)
1058 silly packumentCache full:https://registry.npmjs.org/path-parse set size:14523 disposed:false
1059 http cache https://registry.npmjs.org/supports-preserve-symlinks-flag 6ms (cache hit)
1060 silly packumentCache full:https://registry.npmjs.org/supports-preserve-symlinks-flag set size:6802 disposed:false
1061 silly placeDep ROOT @nolyfill/is-core-module@1.0.39 OK for: eslint-import-resolver-typescript@3.10.1 want: 1.0.39
1062 silly placeDep ROOT get-tsconfig@4.14.0 OK for: eslint-import-resolver-typescript@3.10.1 want: ^4.10.0
1063 silly placeDep ROOT is-bun-module@2.0.0 OK for: eslint-import-resolver-typescript@3.10.1 want: ^2.0.0
1064 silly placeDep ROOT stable-hash@0.0.5 OK for: eslint-import-resolver-typescript@3.10.1 want: ^0.0.5
1065 silly placeDep ROOT unrs-resolver@1.11.1 OK for: eslint-import-resolver-typescript@3.10.1 want: ^1.6.2
1066 silly fetch manifest resolve-pkg-maps@^1.0.0
1067 silly packumentCache full:https://registry.npmjs.org/resolve-pkg-maps cache-miss
1068 silly fetch manifest napi-postinstall@^0.3.0
1069 silly packumentCache full:https://registry.npmjs.org/napi-postinstall cache-miss
1070 silly fetch manifest @unrs/resolver-binding-win32-x64-msvc@1.11.1
1071 silly packumentCache full:https://registry.npmjs.org/@unrs%2fresolver-binding-win32-x64-msvc cache-miss
1072 silly fetch manifest @unrs/resolver-binding-win32-arm64-msvc@1.11.1
1073 silly packumentCache full:https://registry.npmjs.org/@unrs%2fresolver-binding-win32-arm64-msvc cache-miss
1074 silly fetch manifest @unrs/resolver-binding-win32-ia32-msvc@1.11.1
1075 silly packumentCache full:https://registry.npmjs.org/@unrs%2fresolver-binding-win32-ia32-msvc cache-miss
1076 silly fetch manifest @unrs/resolver-binding-linux-x64-gnu@1.11.1
1077 silly packumentCache full:https://registry.npmjs.org/@unrs%2fresolver-binding-linux-x64-gnu cache-miss
1078 silly fetch manifest @unrs/resolver-binding-linux-x64-musl@1.11.1
1079 silly packumentCache full:https://registry.npmjs.org/@unrs%2fresolver-binding-linux-x64-musl cache-miss
1080 silly fetch manifest @unrs/resolver-binding-freebsd-x64@1.11.1
1081 silly packumentCache full:https://registry.npmjs.org/@unrs%2fresolver-binding-freebsd-x64 cache-miss
1082 silly fetch manifest @unrs/resolver-binding-android-arm64@1.11.1
1083 silly packumentCache full:https://registry.npmjs.org/@unrs%2fresolver-binding-android-arm64 cache-miss
1084 http cache https://registry.npmjs.org/resolve-pkg-maps 10ms (cache hit)
1085 silly packumentCache full:https://registry.npmjs.org/resolve-pkg-maps set size:11615 disposed:false
1086 silly fetch manifest @unrs/resolver-binding-linux-arm64-gnu@1.11.1
1087 silly packumentCache full:https://registry.npmjs.org/@unrs%2fresolver-binding-linux-arm64-gnu cache-miss
1088 http cache https://registry.npmjs.org/@unrs%2fresolver-binding-linux-x64-gnu 9ms (cache hit)
1089 silly packumentCache full:https://registry.npmjs.org/@unrs%2fresolver-binding-linux-x64-gnu set size:59167 disposed:false
1090 silly fetch manifest @unrs/resolver-binding-linux-arm64-musl@1.11.1
1091 silly packumentCache full:https://registry.npmjs.org/@unrs%2fresolver-binding-linux-arm64-musl cache-miss
1092 http cache https://registry.npmjs.org/napi-postinstall 11ms (cache hit)
1093 silly packumentCache full:https://registry.npmjs.org/napi-postinstall set size:41400 disposed:false
1094 silly fetch manifest @unrs/resolver-binding-android-arm-eabi@1.11.1
1095 silly packumentCache full:https://registry.npmjs.org/@unrs%2fresolver-binding-android-arm-eabi cache-miss
1096 http cache https://registry.npmjs.org/@unrs%2fresolver-binding-win32-ia32-msvc 12ms (cache hit)
1097 silly packumentCache full:https://registry.npmjs.org/@unrs%2fresolver-binding-win32-ia32-msvc set size:59023 disposed:false
1098 silly fetch manifest @unrs/resolver-binding-linux-arm-gnueabihf@1.11.1
1099 silly packumentCache full:https://registry.npmjs.org/@unrs%2fresolver-binding-linux-arm-gnueabihf cache-miss
1100 http cache https://registry.npmjs.org/@unrs%2fresolver-binding-win32-x64-msvc 12ms (cache hit)
1101 silly packumentCache full:https://registry.npmjs.org/@unrs%2fresolver-binding-win32-x64-msvc set size:58760 disposed:false
1102 silly fetch manifest @unrs/resolver-binding-linux-arm-musleabihf@1.11.1
1103 silly packumentCache full:https://registry.npmjs.org/@unrs%2fresolver-binding-linux-arm-musleabihf cache-miss
1104 http cache https://registry.npmjs.org/@unrs%2fresolver-binding-android-arm64 12ms (cache hit)
1105 silly packumentCache full:https://registry.npmjs.org/@unrs%2fresolver-binding-android-arm64 set size:12351 disposed:false
1106 silly fetch manifest @unrs/resolver-binding-linux-ppc64-gnu@1.11.1
1107 silly packumentCache full:https://registry.npmjs.org/@unrs%2fresolver-binding-linux-ppc64-gnu cache-miss
1108 http cache https://registry.npmjs.org/@unrs%2fresolver-binding-linux-x64-musl 12ms (cache hit)
1109 silly packumentCache full:https://registry.npmjs.org/@unrs%2fresolver-binding-linux-x64-musl set size:59364 disposed:false
1110 silly fetch manifest @unrs/resolver-binding-linux-riscv64-gnu@1.11.1
1111 silly packumentCache full:https://registry.npmjs.org/@unrs%2fresolver-binding-linux-riscv64-gnu cache-miss
1112 http cache https://registry.npmjs.org/@unrs%2fresolver-binding-win32-arm64-msvc 14ms (cache hit)
1113 silly packumentCache full:https://registry.npmjs.org/@unrs%2fresolver-binding-win32-arm64-msvc set size:59292 disposed:false
1114 silly fetch manifest @unrs/resolver-binding-linux-riscv64-musl@1.11.1
1115 silly packumentCache full:https://registry.npmjs.org/@unrs%2fresolver-binding-linux-riscv64-musl cache-miss
1116 http cache https://registry.npmjs.org/@unrs%2fresolver-binding-freebsd-x64 13ms (cache hit)
1117 silly packumentCache full:https://registry.npmjs.org/@unrs%2fresolver-binding-freebsd-x64 set size:58172 disposed:false
1118 silly fetch manifest @unrs/resolver-binding-linux-s390x-gnu@1.11.1
1119 silly packumentCache full:https://registry.npmjs.org/@unrs%2fresolver-binding-linux-s390x-gnu cache-miss
1120 http cache https://registry.npmjs.org/@unrs%2fresolver-binding-linux-arm64-musl 7ms (cache hit)
1121 silly packumentCache full:https://registry.npmjs.org/@unrs%2fresolver-binding-linux-arm64-musl set size:59889 disposed:false
1122 silly fetch manifest @unrs/resolver-binding-darwin-x64@1.11.1
1123 silly packumentCache full:https://registry.npmjs.org/@unrs%2fresolver-binding-darwin-x64 cache-miss
1124 http cache https://registry.npmjs.org/@unrs%2fresolver-binding-android-arm-eabi 6ms (cache hit)
1125 silly packumentCache full:https://registry.npmjs.org/@unrs%2fresolver-binding-android-arm-eabi set size:12473 disposed:false
1126 silly fetch manifest @unrs/resolver-binding-darwin-arm64@1.11.1
1127 silly packumentCache full:https://registry.npmjs.org/@unrs%2fresolver-binding-darwin-arm64 cache-miss
1128 http cache https://registry.npmjs.org/@unrs%2fresolver-binding-linux-arm64-gnu 9ms (cache hit)
1129 silly packumentCache full:https://registry.npmjs.org/@unrs%2fresolver-binding-linux-arm64-gnu set size:59697 disposed:false
1130 silly fetch manifest @unrs/resolver-binding-wasm32-wasi@1.11.1
1131 silly packumentCache full:https://registry.npmjs.org/@unrs%2fresolver-binding-wasm32-wasi cache-miss
1132 http cache https://registry.npmjs.org/@unrs%2fresolver-binding-linux-s390x-gnu 5ms (cache hit)
1133 silly packumentCache full:https://registry.npmjs.org/@unrs%2fresolver-binding-linux-s390x-gnu set size:59697 disposed:false
1134 http cache https://registry.npmjs.org/@unrs%2fresolver-binding-linux-ppc64-gnu 7ms (cache hit)
1135 silly packumentCache full:https://registry.npmjs.org/@unrs%2fresolver-binding-linux-ppc64-gnu set size:59704 disposed:false
1136 http cache https://registry.npmjs.org/@unrs%2fresolver-binding-linux-arm-gnueabihf 9ms (cache hit)
1137 silly packumentCache full:https://registry.npmjs.org/@unrs%2fresolver-binding-linux-arm-gnueabihf set size:59902 disposed:false
1138 http cache https://registry.npmjs.org/@unrs%2fresolver-binding-linux-riscv64-musl 9ms (cache hit)
1139 silly packumentCache full:https://registry.npmjs.org/@unrs%2fresolver-binding-linux-riscv64-musl set size:40293 disposed:false
1140 http cache https://registry.npmjs.org/@unrs%2fresolver-binding-linux-arm-musleabihf 10ms (cache hit)
1141 silly packumentCache full:https://registry.npmjs.org/@unrs%2fresolver-binding-linux-arm-musleabihf set size:60135 disposed:false
1142 http cache https://registry.npmjs.org/@unrs%2fresolver-binding-linux-riscv64-gnu 10ms (cache hit)
1143 silly packumentCache full:https://registry.npmjs.org/@unrs%2fresolver-binding-linux-riscv64-gnu set size:50987 disposed:false
1144 http cache https://registry.npmjs.org/@unrs%2fresolver-binding-wasm32-wasi 6ms (cache hit)
1145 silly packumentCache full:https://registry.npmjs.org/@unrs%2fresolver-binding-wasm32-wasi set size:61704 disposed:false
1146 http cache https://registry.npmjs.org/@unrs%2fresolver-binding-darwin-arm64 6ms (cache hit)
1147 silly packumentCache full:https://registry.npmjs.org/@unrs%2fresolver-binding-darwin-arm64 set size:58434 disposed:false
1148 http cache https://registry.npmjs.org/@unrs%2fresolver-binding-darwin-x64 8ms (cache hit)
1149 silly packumentCache full:https://registry.npmjs.org/@unrs%2fresolver-binding-darwin-x64 set size:57901 disposed:false
1150 silly placeDep ROOT @rtsao/scc@1.1.0 OK for: eslint-plugin-import@2.32.0 want: ^1.1.0
1151 silly placeDep ROOT array-includes@3.1.9 OK for: eslint-plugin-import@2.32.0 want: ^3.1.9
1152 silly placeDep ROOT array.prototype.findlastindex@1.2.6 OK for: eslint-plugin-import@2.32.0 want: ^1.2.6
1153 silly placeDep ROOT array.prototype.flat@1.3.3 OK for: eslint-plugin-import@2.32.0 want: ^1.3.3
1154 silly placeDep ROOT array.prototype.flatmap@1.3.3 OK for: eslint-plugin-import@2.32.0 want: ^1.3.3
1155 silly placeDep node_modules/eslint-plugin-import debug@3.2.7 OK for: eslint-plugin-import@2.32.0 want: ^3.2.7
1156 silly placeDep node_modules/eslint-plugin-import doctrine@2.1.0 OK for: eslint-plugin-import@2.32.0 want: ^2.1.0
1157 silly placeDep ROOT eslint-module-utils@2.12.1 OK for: eslint-plugin-import@2.32.0 want: ^2.12.1
1158 silly placeDep ROOT hasown@2.0.2 OK for: eslint-plugin-import@2.32.0 want: ^2.0.2
1159 silly placeDep ROOT object.fromentries@2.0.8 OK for: eslint-plugin-import@2.32.0 want: ^2.0.8
1160 silly placeDep ROOT object.groupby@1.0.3 OK for: eslint-plugin-import@2.32.0 want: ^1.0.3
1161 silly placeDep ROOT object.values@1.2.1 OK for: eslint-plugin-import@2.32.0 want: ^1.2.1
1162 silly placeDep node_modules/eslint-plugin-import semver@6.3.1 OK for: eslint-plugin-import@2.32.0 want: ^6.3.1
1163 silly placeDep ROOT string.prototype.trimend@1.0.9 OK for: eslint-plugin-import@2.32.0 want: ^1.0.9
1164 silly placeDep ROOT tsconfig-paths@3.15.0 OK for: eslint-plugin-import@2.32.0 want: ^3.15.0
1165 silly fetch manifest call-bind@^1.0.8
1166 silly packumentCache full:https://registry.npmjs.org/call-bind cache-miss
1167 silly fetch manifest call-bound@^1.0.4
1168 silly packumentCache full:https://registry.npmjs.org/call-bound cache-miss
1169 silly fetch manifest define-properties@^1.2.1
1170 silly packumentCache full:https://registry.npmjs.org/define-properties cache-miss
1171 silly fetch manifest es-abstract@^1.24.0
1172 silly packumentCache full:https://registry.npmjs.org/es-abstract cache-miss
1173 silly fetch manifest es-object-atoms@^1.1.1
1174 silly packumentCache full:https://registry.npmjs.org/es-object-atoms cache-miss
1175 silly fetch manifest get-intrinsic@^1.3.0
1176 silly packumentCache full:https://registry.npmjs.org/get-intrinsic cache-miss
1177 silly fetch manifest is-string@^1.1.1
1178 silly packumentCache full:https://registry.npmjs.org/is-string cache-miss
1179 silly fetch manifest math-intrinsics@^1.1.0
1180 silly packumentCache full:https://registry.npmjs.org/math-intrinsics cache-miss
1181 silly fetch manifest call-bind@^1.0.8
1182 silly packumentCache full:https://registry.npmjs.org/call-bind cache-miss
1183 http cache https://registry.npmjs.org/es-object-atoms 4ms (cache hit)
1184 silly packumentCache full:https://registry.npmjs.org/es-object-atoms set size:15304 disposed:false
1185 silly fetch manifest call-bound@^1.0.4
1186 silly packumentCache full:https://registry.npmjs.org/call-bound cache-miss
1187 http cache https://registry.npmjs.org/call-bind 5ms (cache hit)
1188 silly packumentCache full:https://registry.npmjs.org/call-bind set size:32985 disposed:false
1189 silly fetch manifest define-properties@^1.2.1
1190 silly packumentCache full:https://registry.npmjs.org/define-properties cache-miss
1191 http cache https://registry.npmjs.org/define-properties 7ms (cache hit)
1192 silly packumentCache full:https://registry.npmjs.org/define-properties set size:31491 disposed:false
1193 silly fetch manifest es-abstract@^1.23.9
1194 silly packumentCache full:https://registry.npmjs.org/es-abstract cache-miss
1195 http cache https://registry.npmjs.org/es-abstract 7ms (cache hit)
1196 silly packumentCache full:https://registry.npmjs.org/es-abstract set size:384124 disposed:false
1197 silly fetch manifest es-shim-unscopables@^1.1.0
1198 silly packumentCache full:https://registry.npmjs.org/es-shim-unscopables cache-miss
1199 http cache https://registry.npmjs.org/call-bound 12ms (cache hit)
1200 silly packumentCache full:https://registry.npmjs.org/call-bound set size:15317 disposed:false
1201 silly fetch manifest es-abstract@^1.23.5
1202 silly packumentCache full:https://registry.npmjs.org/es-abstract cache-hit
1203 silly fetch manifest es-shim-unscopables@^1.0.2
1204 silly packumentCache full:https://registry.npmjs.org/es-shim-unscopables cache-miss
1205 http cache https://registry.npmjs.org/is-string 11ms (cache hit)
1206 silly packumentCache full:https://registry.npmjs.org/is-string set size:29636 disposed:false
1207 silly fetch manifest es-shim-unscopables@^1.0.2
1208 silly packumentCache full:https://registry.npmjs.org/es-shim-unscopables cache-miss
1209 http cache https://registry.npmjs.org/call-bind 13ms (cache hit)
1210 silly packumentCache full:https://registry.npmjs.org/call-bind set size:32985 disposed:false
1211 silly packumentCache full:https://registry.npmjs.org/call-bind dispose
1212 silly fetch manifest function-bind@^1.1.2
1213 silly packumentCache full:https://registry.npmjs.org/function-bind cache-miss
1214 http cache https://registry.npmjs.org/math-intrinsics 12ms (cache hit)
1215 silly packumentCache full:https://registry.npmjs.org/math-intrinsics set size:9265 disposed:false
1216 silly fetch manifest call-bind@^1.0.7
1217 silly packumentCache full:https://registry.npmjs.org/call-bind cache-hit
1218 silly fetch manifest es-abstract@^1.23.2
1219 silly packumentCache full:https://registry.npmjs.org/es-abstract cache-hit
1220 silly fetch manifest es-object-atoms@^1.0.0
1221 silly packumentCache full:https://registry.npmjs.org/es-object-atoms cache-hit
1222 silly fetch manifest call-bound@^1.0.3
1223 silly packumentCache full:https://registry.npmjs.org/call-bound cache-hit
1224 silly fetch manifest call-bound@^1.0.2
1225 silly packumentCache full:https://registry.npmjs.org/call-bound cache-hit
1226 silly fetch manifest json5@^1.0.2
1227 silly packumentCache full:https://registry.npmjs.org/json5 cache-miss
1228 http cache https://registry.npmjs.org/get-intrinsic 14ms (cache hit)
1229 silly packumentCache full:https://registry.npmjs.org/get-intrinsic set size:60985 disposed:false
1230 silly fetch manifest minimist@^1.2.6
1231 silly packumentCache full:https://registry.npmjs.org/minimist cache-miss
1232 http cache https://registry.npmjs.org/call-bound 12ms (cache hit)
1233 silly packumentCache full:https://registry.npmjs.org/call-bound set size:15317 disposed:false
1234 silly packumentCache full:https://registry.npmjs.org/call-bound dispose
1235 silly fetch manifest strip-bom@^3.0.0
1236 silly packumentCache full:https://registry.npmjs.org/strip-bom cache-miss
1237 http cache https://registry.npmjs.org/es-abstract 12ms (cache hit)
1238 silly packumentCache full:https://registry.npmjs.org/es-abstract set size:384124 disposed:false
1239 silly packumentCache full:https://registry.npmjs.org/es-abstract dispose
1240 silly fetch manifest @types/json5@^0.0.29
1241 silly packumentCache full:https://registry.npmjs.org/@types%2fjson5 cache-miss
1242 http cache https://registry.npmjs.org/es-shim-unscopables 11ms (cache hit)
1243 silly packumentCache full:https://registry.npmjs.org/es-shim-unscopables set size:13965 disposed:false
1244 http cache https://registry.npmjs.org/define-properties 15ms (cache hit)
1245 silly packumentCache full:https://registry.npmjs.org/define-properties set size:31491 disposed:false
1246 silly packumentCache full:https://registry.npmjs.org/define-properties dispose
1247 http cache https://registry.npmjs.org/function-bind 9ms (cache hit)
1248 silly packumentCache full:https://registry.npmjs.org/function-bind set size:15733 disposed:false
1249 http cache https://registry.npmjs.org/es-shim-unscopables 10ms (cache hit)
1250 silly packumentCache full:https://registry.npmjs.org/es-shim-unscopables set size:13965 disposed:false
1251 silly packumentCache full:https://registry.npmjs.org/es-shim-unscopables dispose
1252 http cache https://registry.npmjs.org/es-shim-unscopables 11ms (cache hit)
1253 silly packumentCache full:https://registry.npmjs.org/es-shim-unscopables set size:13965 disposed:true
1254 silly packumentCache full:https://registry.npmjs.org/es-shim-unscopables dispose
1255 http cache https://registry.npmjs.org/json5 8ms (cache hit)
1256 silly packumentCache full:https://registry.npmjs.org/json5 set size:86136 disposed:false
1257 http cache https://registry.npmjs.org/minimist 9ms (cache hit)
1258 silly packumentCache full:https://registry.npmjs.org/minimist set size:77063 disposed:false
1259 http cache https://registry.npmjs.org/@types%2fjson5 6ms (cache hit)
1260 silly packumentCache full:https://registry.npmjs.org/@types%2fjson5 set size:19581 disposed:false
1261 http cache https://registry.npmjs.org/strip-bom 8ms (cache hit)
1262 silly packumentCache full:https://registry.npmjs.org/strip-bom set size:19359 disposed:false
1263 silly placeDep ROOT call-bind@1.0.9 OK for: array-includes@3.1.9 want: ^1.0.8
1264 silly placeDep ROOT call-bound@1.0.4 OK for: array-includes@3.1.9 want: ^1.0.4
1265 silly placeDep ROOT define-properties@1.2.1 OK for: array-includes@3.1.9 want: ^1.2.1
1266 silly placeDep ROOT es-abstract@1.24.2 OK for: array-includes@3.1.9 want: ^1.24.0
1267 silly placeDep ROOT es-object-atoms@1.1.1 OK for: array-includes@3.1.9 want: ^1.1.1
1268 silly placeDep ROOT get-intrinsic@1.3.0 OK for: array-includes@3.1.9 want: ^1.3.0
1269 silly placeDep ROOT is-string@1.1.1 OK for: array-includes@3.1.9 want: ^1.1.1
1270 silly placeDep ROOT math-intrinsics@1.1.0 OK for: array-includes@3.1.9 want: ^1.1.0
1271 silly fetch manifest call-bind-apply-helpers@^1.0.2
1272 silly packumentCache full:https://registry.npmjs.org/call-bind-apply-helpers cache-miss
1273 silly fetch manifest es-define-property@^1.0.1
1274 silly packumentCache full:https://registry.npmjs.org/es-define-property cache-miss
1275 silly fetch manifest set-function-length@^1.2.2
1276 silly packumentCache full:https://registry.npmjs.org/set-function-length cache-miss
1277 silly fetch manifest call-bind-apply-helpers@^1.0.2
1278 silly packumentCache full:https://registry.npmjs.org/call-bind-apply-helpers cache-miss
1279 silly fetch manifest define-data-property@^1.0.1
1280 silly packumentCache full:https://registry.npmjs.org/define-data-property cache-miss
1281 silly fetch manifest has-property-descriptors@^1.0.0
1282 silly packumentCache full:https://registry.npmjs.org/has-property-descriptors cache-miss
1283 silly fetch manifest array-buffer-byte-length@^1.0.2
1284 silly packumentCache full:https://registry.npmjs.org/array-buffer-byte-length cache-miss
1285 silly fetch manifest arraybuffer.prototype.slice@^1.0.4
1286 silly packumentCache full:https://registry.npmjs.org/arraybuffer.prototype.slice cache-miss
1287 silly fetch manifest available-typed-arrays@^1.0.7
1288 silly packumentCache full:https://registry.npmjs.org/available-typed-arrays cache-miss
1289 http cache https://registry.npmjs.org/call-bind-apply-helpers 4ms (cache hit)
1290 silly packumentCache full:https://registry.npmjs.org/call-bind-apply-helpers set size:12744 disposed:false
1291 silly fetch manifest data-view-buffer@^1.0.2
1292 silly packumentCache full:https://registry.npmjs.org/data-view-buffer cache-miss
1293 http cache https://registry.npmjs.org/has-property-descriptors 4ms (cache hit)
1294 silly packumentCache full:https://registry.npmjs.org/has-property-descriptors set size:12452 disposed:false
1295 silly fetch manifest data-view-byte-length@^1.0.2
1296 silly packumentCache full:https://registry.npmjs.org/data-view-byte-length cache-miss
1297 http cache https://registry.npmjs.org/set-function-length 6ms (cache hit)
1298 silly packumentCache full:https://registry.npmjs.org/set-function-length set size:24261 disposed:false
1299 silly fetch manifest data-view-byte-offset@^1.0.1
1300 silly packumentCache full:https://registry.npmjs.org/data-view-byte-offset cache-miss
1301 http cache https://registry.npmjs.org/arraybuffer.prototype.slice 5ms (cache hit)
1302 silly packumentCache full:https://registry.npmjs.org/arraybuffer.prototype.slice set size:20917 disposed:false
1303 silly fetch manifest es-define-property@^1.0.1
1304 silly packumentCache full:https://registry.npmjs.org/es-define-property cache-miss
1305 http cache https://registry.npmjs.org/array-buffer-byte-length 6ms (cache hit)
1306 silly packumentCache full:https://registry.npmjs.org/array-buffer-byte-length set size:13099 disposed:false
1307 silly fetch manifest es-set-tostringtag@^2.1.0
1308 silly packumentCache full:https://registry.npmjs.org/es-set-tostringtag cache-miss
1309 http cache https://registry.npmjs.org/es-define-property 7ms (cache hit)
1310 silly packumentCache full:https://registry.npmjs.org/es-define-property set size:8542 disposed:false
1311 silly fetch manifest es-to-primitive@^1.3.0
1312 silly packumentCache full:https://registry.npmjs.org/es-to-primitive cache-miss
1313 http cache https://registry.npmjs.org/call-bind-apply-helpers 8ms (cache hit)
1314 silly packumentCache full:https://registry.npmjs.org/call-bind-apply-helpers set size:12744 disposed:false
1315 silly packumentCache full:https://registry.npmjs.org/call-bind-apply-helpers dispose
1316 silly fetch manifest function.prototype.name@^1.1.8
1317 silly packumentCache full:https://registry.npmjs.org/function.prototype.name cache-miss
1318 http cache https://registry.npmjs.org/define-data-property 9ms (cache hit)
1319 silly packumentCache full:https://registry.npmjs.org/define-data-property set size:28048 disposed:false
1320 silly fetch manifest get-proto@^1.0.1
1321 silly packumentCache full:https://registry.npmjs.org/get-proto cache-miss
1322 http cache https://registry.npmjs.org/available-typed-arrays 9ms (cache hit)
1323 silly packumentCache full:https://registry.npmjs.org/available-typed-arrays set size:31390 disposed:false
1324 silly fetch manifest get-symbol-description@^1.1.0
1325 silly packumentCache full:https://registry.npmjs.org/get-symbol-description cache-miss
1326 http cache https://registry.npmjs.org/es-define-property 5ms (cache hit)
1327 silly packumentCache full:https://registry.npmjs.org/es-define-property set size:8542 disposed:false
1328 silly packumentCache full:https://registry.npmjs.org/es-define-property dispose
1329 silly fetch manifest globalthis@^1.0.4
1330 silly packumentCache full:https://registry.npmjs.org/globalthis cache-miss
1331 http cache https://registry.npmjs.org/data-view-byte-length 7ms (cache hit)
1332 silly packumentCache full:https://registry.npmjs.org/data-view-byte-length set size:12269 disposed:false
1333 silly fetch manifest gopd@^1.2.0
1334 silly packumentCache full:https://registry.npmjs.org/gopd cache-miss
1335 http cache https://registry.npmjs.org/data-view-buffer 8ms (cache hit)
1336 silly packumentCache full:https://registry.npmjs.org/data-view-buffer set size:11789 disposed:false
1337 silly fetch manifest has-property-descriptors@^1.0.2
1338 silly packumentCache full:https://registry.npmjs.org/has-property-descriptors cache-hit
1339 silly fetch manifest has-proto@^1.2.0
1340 silly packumentCache full:https://registry.npmjs.org/has-proto cache-miss
1341 http cache https://registry.npmjs.org/data-view-byte-offset 7ms (cache hit)
1342 silly packumentCache full:https://registry.npmjs.org/data-view-byte-offset set size:9200 disposed:false
1343 silly fetch manifest has-symbols@^1.1.0
1344 silly packumentCache full:https://registry.npmjs.org/has-symbols cache-miss
1345 http cache https://registry.npmjs.org/es-set-tostringtag 7ms (cache hit)
1346 silly packumentCache full:https://registry.npmjs.org/es-set-tostringtag set size:22094 disposed:false
1347 silly fetch manifest internal-slot@^1.1.0
1348 silly packumentCache full:https://registry.npmjs.org/internal-slot cache-miss
1349 http cache https://registry.npmjs.org/es-to-primitive 6ms (cache hit)
1350 silly packumentCache full:https://registry.npmjs.org/es-to-primitive set size:22465 disposed:false
1351 silly fetch manifest is-array-buffer@^3.0.5
1352 silly packumentCache full:https://registry.npmjs.org/is-array-buffer cache-miss
1353 http cache https://registry.npmjs.org/function.prototype.name 7ms (cache hit)
1354 silly packumentCache full:https://registry.npmjs.org/function.prototype.name set size:44756 disposed:false
1355 silly fetch manifest is-callable@^1.2.7
1356 silly packumentCache full:https://registry.npmjs.org/is-callable cache-miss
1357 http cache https://registry.npmjs.org/get-symbol-description 6ms (cache hit)
1358 silly packumentCache full:https://registry.npmjs.org/get-symbol-description set size:15540 disposed:false
1359 silly fetch manifest is-data-view@^1.0.2
1360 silly packumentCache full:https://registry.npmjs.org/is-data-view cache-miss
1361 http cache https://registry.npmjs.org/get-proto 9ms (cache hit)
1362 silly packumentCache full:https://registry.npmjs.org/get-proto set size:8300 disposed:false
1363 silly fetch manifest is-negative-zero@^2.0.3
1364 silly packumentCache full:https://registry.npmjs.org/is-negative-zero cache-miss
1365 http cache https://registry.npmjs.org/gopd 6ms (cache hit)
1366 silly packumentCache full:https://registry.npmjs.org/gopd set size:11458 disposed:false
1367 silly fetch manifest is-regex@^1.2.1
1368 silly packumentCache full:https://registry.npmjs.org/is-regex cache-miss
1369 http cache https://registry.npmjs.org/has-proto 6ms (cache hit)
1370 silly packumentCache full:https://registry.npmjs.org/has-proto set size:21527 disposed:false
1371 silly fetch manifest is-set@^2.0.3
1372 silly packumentCache full:https://registry.npmjs.org/is-set cache-miss
1373 http cache https://registry.npmjs.org/globalthis 8ms (cache hit)
1374 silly packumentCache full:https://registry.npmjs.org/globalthis set size:22522 disposed:false
1375 silly fetch manifest is-shared-array-buffer@^1.0.4
1376 silly packumentCache full:https://registry.npmjs.org/is-shared-array-buffer cache-miss
1377 http cache https://registry.npmjs.org/has-symbols 6ms (cache hit)
1378 silly packumentCache full:https://registry.npmjs.org/has-symbols set size:21550 disposed:false
1379 silly fetch manifest is-typed-array@^1.1.15
1380 silly packumentCache full:https://registry.npmjs.org/is-typed-array cache-miss
1381 http cache https://registry.npmjs.org/internal-slot 7ms (cache hit)
1382 silly packumentCache full:https://registry.npmjs.org/internal-slot set size:30267 disposed:false
1383 silly fetch manifest is-weakref@^1.1.1
1384 silly packumentCache full:https://registry.npmjs.org/is-weakref cache-miss
1385 http cache https://registry.npmjs.org/is-callable 7ms (cache hit)
1386 silly packumentCache full:https://registry.npmjs.org/is-callable set size:66606 disposed:false
1387 silly fetch manifest object-inspect@^1.13.4
1388 silly packumentCache full:https://registry.npmjs.org/object-inspect cache-miss
1389 http cache https://registry.npmjs.org/is-array-buffer 7ms (cache hit)
1390 silly packumentCache full:https://registry.npmjs.org/is-array-buffer set size:33562 disposed:false
1391 silly fetch manifest object.assign@^4.1.7
1392 silly packumentCache full:https://registry.npmjs.org/object.assign cache-miss
1393 http cache https://registry.npmjs.org/is-data-view 7ms (cache hit)
1394 silly packumentCache full:https://registry.npmjs.org/is-data-view set size:13756 disposed:false
1395 silly fetch manifest own-keys@^1.0.1
1396 silly packumentCache full:https://registry.npmjs.org/own-keys cache-miss
1397 http cache https://registry.npmjs.org/is-negative-zero 7ms (cache hit)
1398 silly packumentCache full:https://registry.npmjs.org/is-negative-zero set size:22152 disposed:false
1399 silly fetch manifest regexp.prototype.flags@^1.5.4
1400 silly packumentCache full:https://registry.npmjs.org/regexp.prototype.flags cache-miss
1401 http cache https://registry.npmjs.org/is-regex 7ms (cache hit)
1402 silly packumentCache full:https://registry.npmjs.org/is-regex set size:42924 disposed:false
1403 silly fetch manifest safe-array-concat@^1.1.3
1404 silly packumentCache full:https://registry.npmjs.org/safe-array-concat cache-miss
1405 http cache https://registry.npmjs.org/is-set 7ms (cache hit)
1406 silly packumentCache full:https://registry.npmjs.org/is-set set size:16614 disposed:false
1407 silly fetch manifest safe-push-apply@^1.0.0
1408 silly packumentCache full:https://registry.npmjs.org/safe-push-apply cache-miss
1409 http cache https://registry.npmjs.org/is-shared-array-buffer 7ms (cache hit)
1410 silly packumentCache full:https://registry.npmjs.org/is-shared-array-buffer set size:19880 disposed:false
1411 silly fetch manifest safe-regex-test@^1.1.0
1412 silly packumentCache full:https://registry.npmjs.org/safe-regex-test cache-hit
1413 silly fetch manifest set-proto@^1.0.0
1414 silly packumentCache full:https://registry.npmjs.org/set-proto cache-miss
1415 http cache https://registry.npmjs.org/is-weakref 7ms (cache hit)
1416 silly packumentCache full:https://registry.npmjs.org/is-weakref set size:18473 disposed:false
1417 silly fetch manifest stop-iteration-iterator@^1.1.0
1418 silly packumentCache full:https://registry.npmjs.org/stop-iteration-iterator cache-miss
1419 http cache https://registry.npmjs.org/object-inspect 7ms (cache hit)
1420 silly packumentCache full:https://registry.npmjs.org/object-inspect set size:101912 disposed:false
1421 silly fetch manifest string.prototype.trim@^1.2.10
1422 silly packumentCache full:https://registry.npmjs.org/string.prototype.trim cache-miss
1423 http cache https://registry.npmjs.org/is-typed-array 9ms (cache hit)
1424 silly packumentCache full:https://registry.npmjs.org/is-typed-array set size:79965 disposed:false
1425 silly fetch manifest string.prototype.trimstart@^1.0.8
1426 silly packumentCache full:https://registry.npmjs.org/string.prototype.trimstart cache-miss
1427 http cache https://registry.npmjs.org/object.assign 8ms (cache hit)
1428 silly packumentCache full:https://registry.npmjs.org/object.assign set size:85907 disposed:false
1429 silly fetch manifest typed-array-buffer@^1.0.3
1430 silly packumentCache full:https://registry.npmjs.org/typed-array-buffer cache-miss
1431 http cache https://registry.npmjs.org/own-keys 9ms (cache hit)
1432 silly packumentCache full:https://registry.npmjs.org/own-keys set size:8735 disposed:false
1433 silly fetch manifest typed-array-byte-length@^1.0.3
1434 silly packumentCache full:https://registry.npmjs.org/typed-array-byte-length cache-miss
1435 http cache https://registry.npmjs.org/safe-push-apply 7ms (cache hit)
1436 silly packumentCache full:https://registry.npmjs.org/safe-push-apply set size:5759 disposed:false
1437 silly fetch manifest typed-array-byte-offset@^1.0.4
1438 silly packumentCache full:https://registry.npmjs.org/typed-array-byte-offset cache-miss
1439 http cache https://registry.npmjs.org/regexp.prototype.flags 8ms (cache hit)
1440 silly packumentCache full:https://registry.npmjs.org/regexp.prototype.flags set size:60621 disposed:false
1441 silly fetch manifest typed-array-length@^1.0.7
1442 silly packumentCache full:https://registry.npmjs.org/typed-array-length cache-miss
1443 http cache https://registry.npmjs.org/stop-iteration-iterator 6ms (cache hit)
1444 silly packumentCache full:https://registry.npmjs.org/stop-iteration-iterator set size:9160 disposed:false
1445 silly fetch manifest unbox-primitive@^1.1.0
1446 silly packumentCache full:https://registry.npmjs.org/unbox-primitive cache-miss
1447 http cache https://registry.npmjs.org/set-proto 8ms (cache hit)
1448 silly packumentCache full:https://registry.npmjs.org/set-proto set size:5334 disposed:false
1449 silly fetch manifest which-typed-array@^1.1.19
1450 silly packumentCache full:https://registry.npmjs.org/which-typed-array cache-miss
1451 http cache https://registry.npmjs.org/safe-array-concat 10ms (cache hit)
1452 silly packumentCache full:https://registry.npmjs.org/safe-array-concat set size:22426 disposed:false
1453 silly fetch manifest has-tostringtag@^1.0.2
1454 silly packumentCache full:https://registry.npmjs.org/has-tostringtag cache-miss
1455 http cache https://registry.npmjs.org/string.prototype.trim 8ms (cache hit)
1456 silly packumentCache full:https://registry.npmjs.org/string.prototype.trim set size:54116 disposed:false
1457 http cache https://registry.npmjs.org/string.prototype.trimstart 8ms (cache hit)
1458 silly packumentCache full:https://registry.npmjs.org/string.prototype.trimstart set size:38291 disposed:false
1459 http cache https://registry.npmjs.org/typed-array-buffer 8ms (cache hit)
1460 silly packumentCache full:https://registry.npmjs.org/typed-array-buffer set size:14045 disposed:false
1461 http cache https://registry.npmjs.org/typed-array-byte-length 8ms (cache hit)
1462 silly packumentCache full:https://registry.npmjs.org/typed-array-byte-length set size:18382 disposed:false
1463 http cache https://registry.npmjs.org/typed-array-byte-offset 8ms (cache hit)
1464 silly packumentCache full:https://registry.npmjs.org/typed-array-byte-offset set size:21714 disposed:false
1465 http cache https://registry.npmjs.org/unbox-primitive 6ms (cache hit)
1466 silly packumentCache full:https://registry.npmjs.org/unbox-primitive set size:15669 disposed:false
1467 http cache https://registry.npmjs.org/which-typed-array 7ms (cache hit)
1468 silly packumentCache full:https://registry.npmjs.org/which-typed-array set size:93605 disposed:false
1469 http cache https://registry.npmjs.org/typed-array-length 8ms (cache hit)
1470 silly packumentCache full:https://registry.npmjs.org/typed-array-length set size:32113 disposed:false
1471 http cache https://registry.npmjs.org/has-tostringtag 7ms (cache hit)
1472 silly packumentCache full:https://registry.npmjs.org/has-tostringtag set size:13945 disposed:false
1473 silly placeDep ROOT es-errors@1.3.0 OK for: array.prototype.findlastindex@1.2.6 want: ^1.3.0
1474 silly placeDep ROOT es-shim-unscopables@1.1.0 OK for: array.prototype.findlastindex@1.2.6 want: ^1.1.0
1475 silly placeDep ROOT call-bind-apply-helpers@1.0.2 OK for: call-bind@1.0.9 want: ^1.0.2
1476 silly placeDep ROOT es-define-property@1.0.1 OK for: call-bind@1.0.9 want: ^1.0.1
1477 silly placeDep ROOT set-function-length@1.2.2 OK for: call-bind@1.0.9 want: ^1.2.2
1478 silly fetch manifest define-data-property@^1.1.4
1479 silly packumentCache full:https://registry.npmjs.org/define-data-property cache-hit
1480 silly fetch manifest gopd@^1.0.1
1481 silly packumentCache full:https://registry.npmjs.org/gopd cache-hit
1482 silly placeDep ROOT function-bind@1.1.2 OK for: call-bind-apply-helpers@1.0.2 want: ^1.1.2
1483 silly placeDep ROOT define-data-property@1.1.4 OK for: define-properties@1.2.1 want: ^1.0.1
1484 silly placeDep ROOT has-property-descriptors@1.0.2 OK for: define-properties@1.2.1 want: ^1.0.0
1485 silly placeDep ROOT object-keys@1.1.1 OK for: define-properties@1.2.1 want: ^1.1.1
1486 silly placeDep ROOT gopd@1.2.0 OK for: define-data-property@1.1.4 want: ^1.0.1
1487 silly placeDep ROOT array-buffer-byte-length@1.0.2 OK for: es-abstract@1.24.2 want: ^1.0.2
1488 silly placeDep ROOT arraybuffer.prototype.slice@1.0.4 OK for: es-abstract@1.24.2 want: ^1.0.4
1489 silly placeDep ROOT available-typed-arrays@1.0.7 OK for: es-abstract@1.24.2 want: ^1.0.7
1490 silly placeDep ROOT data-view-buffer@1.0.2 OK for: es-abstract@1.24.2 want: ^1.0.2
1491 silly placeDep ROOT data-view-byte-length@1.0.2 OK for: es-abstract@1.24.2 want: ^1.0.2
1492 silly placeDep ROOT data-view-byte-offset@1.0.1 OK for: es-abstract@1.24.2 want: ^1.0.1
1493 silly placeDep ROOT es-set-tostringtag@2.1.0 OK for: es-abstract@1.24.2 want: ^2.1.0
1494 silly placeDep ROOT es-to-primitive@1.3.0 OK for: es-abstract@1.24.2 want: ^1.3.0
1495 silly placeDep ROOT function.prototype.name@1.1.8 OK for: es-abstract@1.24.2 want: ^1.1.8
1496 silly placeDep ROOT get-proto@1.0.1 OK for: es-abstract@1.24.2 want: ^1.0.1
1497 silly placeDep ROOT get-symbol-description@1.1.0 OK for: es-abstract@1.24.2 want: ^1.1.0
1498 silly placeDep ROOT globalthis@1.0.4 OK for: es-abstract@1.24.2 want: ^1.0.4
1499 silly placeDep ROOT has-proto@1.2.0 OK for: es-abstract@1.24.2 want: ^1.2.0
1500 silly placeDep ROOT has-symbols@1.1.0 OK for: es-abstract@1.24.2 want: ^1.1.0
1501 silly placeDep ROOT internal-slot@1.1.0 OK for: es-abstract@1.24.2 want: ^1.1.0
1502 silly placeDep ROOT is-array-buffer@3.0.5 OK for: es-abstract@1.24.2 want: ^3.0.5
1503 silly placeDep ROOT is-callable@1.2.7 OK for: es-abstract@1.24.2 want: ^1.2.7
1504 silly placeDep ROOT is-data-view@1.0.2 OK for: es-abstract@1.24.2 want: ^1.0.2
1505 silly placeDep ROOT is-negative-zero@2.0.3 OK for: es-abstract@1.24.2 want: ^2.0.3
1506 silly placeDep ROOT is-regex@1.2.1 OK for: es-abstract@1.24.2 want: ^1.2.1
1507 silly placeDep ROOT is-set@2.0.3 OK for: es-abstract@1.24.2 want: ^2.0.3
1508 silly placeDep ROOT is-shared-array-buffer@1.0.4 OK for: es-abstract@1.24.2 want: ^1.0.4
1509 silly placeDep ROOT is-typed-array@1.1.15 OK for: es-abstract@1.24.2 want: ^1.1.15
1510 silly placeDep ROOT is-weakref@1.1.1 OK for: es-abstract@1.24.2 want: ^1.1.1
1511 silly placeDep ROOT object-inspect@1.13.4 OK for: es-abstract@1.24.2 want: ^1.13.4
1512 silly placeDep ROOT object.assign@4.1.7 OK for: es-abstract@1.24.2 want: ^4.1.7
1513 silly placeDep ROOT own-keys@1.0.1 OK for: es-abstract@1.24.2 want: ^1.0.1
1514 silly placeDep ROOT regexp.prototype.flags@1.5.4 OK for: es-abstract@1.24.2 want: ^1.5.4
1515 silly placeDep ROOT safe-array-concat@1.1.3 OK for: es-abstract@1.24.2 want: ^1.1.3
1516 silly placeDep ROOT safe-push-apply@1.0.0 OK for: es-abstract@1.24.2 want: ^1.0.0
1517 silly placeDep ROOT safe-regex-test@1.1.0 OK for: es-abstract@1.24.2 want: ^1.1.0
1518 silly placeDep ROOT set-proto@1.0.0 OK for: es-abstract@1.24.2 want: ^1.0.0
1519 silly placeDep ROOT stop-iteration-iterator@1.1.0 OK for: es-abstract@1.24.2 want: ^1.1.0
1520 silly placeDep ROOT string.prototype.trim@1.2.10 OK for: es-abstract@1.24.2 want: ^1.2.10
1521 silly placeDep ROOT string.prototype.trimstart@1.0.8 OK for: es-abstract@1.24.2 want: ^1.0.8
1522 silly placeDep ROOT typed-array-buffer@1.0.3 OK for: es-abstract@1.24.2 want: ^1.0.3
1523 silly placeDep ROOT typed-array-byte-length@1.0.3 OK for: es-abstract@1.24.2 want: ^1.0.3
1524 silly placeDep ROOT typed-array-byte-offset@1.0.4 OK for: es-abstract@1.24.2 want: ^1.0.4
1525 silly placeDep ROOT typed-array-length@1.0.7 OK for: es-abstract@1.24.2 want: ^1.0.7
1526 silly placeDep ROOT unbox-primitive@1.1.0 OK for: es-abstract@1.24.2 want: ^1.1.0
1527 silly placeDep ROOT which-typed-array@1.1.20 OK for: es-abstract@1.24.2 want: ^1.1.19
1528 silly fetch manifest is-array-buffer@^3.0.4
1529 silly packumentCache full:https://registry.npmjs.org/is-array-buffer cache-hit
1530 silly fetch manifest possible-typed-array-names@^1.0.0
1531 silly packumentCache full:https://registry.npmjs.org/possible-typed-array-names cache-miss
1532 silly fetch manifest is-data-view@^1.0.1
1533 silly packumentCache full:https://registry.npmjs.org/is-data-view cache-hit
1534 silly fetch manifest is-date-object@^1.0.5
1535 silly packumentCache full:https://registry.npmjs.org/is-date-object cache-miss
1536 silly fetch manifest is-symbol@^1.0.4
1537 silly packumentCache full:https://registry.npmjs.org/is-symbol cache-miss
1538 silly fetch manifest functions-have-names@^1.2.3
1539 silly packumentCache full:https://registry.npmjs.org/functions-have-names cache-miss
1540 silly fetch manifest dunder-proto@^1.0.1
1541 silly packumentCache full:https://registry.npmjs.org/dunder-proto cache-miss
1542 silly fetch manifest dunder-proto@^1.0.0
1543 silly packumentCache full:https://registry.npmjs.org/dunder-proto cache-miss
1544 silly fetch manifest side-channel@^1.1.0
1545 silly packumentCache full:https://registry.npmjs.org/side-channel cache-miss
1546 silly fetch manifest is-typed-array@^1.1.13
1547 silly packumentCache full:https://registry.npmjs.org/is-typed-array cache-hit
1548 silly fetch manifest which-typed-array@^1.1.16
1549 silly packumentCache full:https://registry.npmjs.org/which-typed-array cache-hit
1550 silly fetch manifest set-function-name@^2.0.2
1551 silly packumentCache full:https://registry.npmjs.org/set-function-name cache-miss
1552 silly fetch manifest isarray@^2.0.5
1553 silly packumentCache full:https://registry.npmjs.org/isarray cache-miss
1554 http cache https://registry.npmjs.org/is-symbol 6ms (cache hit)
1555 silly packumentCache full:https://registry.npmjs.org/is-symbol set size:22675 disposed:false
1556 silly fetch manifest isarray@^2.0.5
1557 silly packumentCache full:https://registry.npmjs.org/isarray cache-miss
1558 http cache https://registry.npmjs.org/possible-typed-array-names 7ms (cache hit)
1559 silly packumentCache full:https://registry.npmjs.org/possible-typed-array-names set size:9167 disposed:false
1560 silly fetch manifest dunder-proto@^1.0.1
1561 silly packumentCache full:https://registry.npmjs.org/dunder-proto cache-miss
1562 http cache https://registry.npmjs.org/is-date-object 8ms (cache hit)
1563 silly packumentCache full:https://registry.npmjs.org/is-date-object set size:25050 disposed:false
1564 silly fetch manifest for-each@^0.3.3
1565 silly packumentCache full:https://registry.npmjs.org/for-each cache-miss
1566 http cache https://registry.npmjs.org/side-channel 7ms (cache hit)
1567 silly packumentCache full:https://registry.npmjs.org/side-channel set size:24660 disposed:false
1568 silly fetch manifest for-each@^0.3.3
1569 silly packumentCache full:https://registry.npmjs.org/for-each cache-miss
1570 http cache https://registry.npmjs.org/functions-have-names 9ms (cache hit)
1571 silly packumentCache full:https://registry.npmjs.org/functions-have-names set size:24196 disposed:false
1572 silly fetch manifest reflect.getprototypeof@^1.0.9
1573 silly packumentCache full:https://registry.npmjs.org/reflect.getprototypeof cache-miss
1574 http cache https://registry.npmjs.org/dunder-proto 8ms (cache hit)
1575 silly packumentCache full:https://registry.npmjs.org/dunder-proto set size:8256 disposed:false
1576 silly fetch manifest for-each@^0.3.3
1577 silly packumentCache full:https://registry.npmjs.org/for-each cache-miss
1578 http cache https://registry.npmjs.org/isarray 8ms (cache hit)
1579 silly packumentCache full:https://registry.npmjs.org/isarray set size:17392 disposed:false
1580 silly fetch manifest reflect.getprototypeof@^1.0.6
1581 silly packumentCache full:https://registry.npmjs.org/reflect.getprototypeof cache-miss
1582 http cache https://registry.npmjs.org/dunder-proto 9ms (cache hit)
1583 silly packumentCache full:https://registry.npmjs.org/dunder-proto set size:8256 disposed:false
1584 silly packumentCache full:https://registry.npmjs.org/dunder-proto dispose
1585 silly fetch manifest has-bigints@^1.0.2
1586 silly packumentCache full:https://registry.npmjs.org/has-bigints cache-miss
1587 http cache https://registry.npmjs.org/set-function-name 10ms (cache hit)
1588 silly packumentCache full:https://registry.npmjs.org/set-function-name set size:13766 disposed:false
1589 silly fetch manifest which-boxed-primitive@^1.1.1
1590 silly packumentCache full:https://registry.npmjs.org/which-boxed-primitive cache-miss
1591 http cache https://registry.npmjs.org/dunder-proto 6ms (cache hit)
1592 silly packumentCache full:https://registry.npmjs.org/dunder-proto set size:8256 disposed:true
1593 silly packumentCache full:https://registry.npmjs.org/dunder-proto dispose
1594 silly fetch manifest for-each@^0.3.5
1595 silly packumentCache full:https://registry.npmjs.org/for-each cache-miss
1596 http cache https://registry.npmjs.org/isarray 7ms (cache hit)
1597 silly packumentCache full:https://registry.npmjs.org/isarray set size:17392 disposed:false
1598 silly packumentCache full:https://registry.npmjs.org/isarray dispose
1599 http cache https://registry.npmjs.org/for-each 7ms (cache hit)
1600 silly packumentCache full:https://registry.npmjs.org/for-each set size:14327 disposed:false
1601 http cache https://registry.npmjs.org/reflect.getprototypeof 6ms (cache hit)
1602 silly packumentCache full:https://registry.npmjs.org/reflect.getprototypeof set size:44083 disposed:false
1603 http cache https://registry.npmjs.org/for-each 7ms (cache hit)
1604 silly packumentCache full:https://registry.npmjs.org/for-each set size:14327 disposed:false
1605 silly packumentCache full:https://registry.npmjs.org/for-each dispose
1606 http cache https://registry.npmjs.org/reflect.getprototypeof 6ms (cache hit)
1607 silly packumentCache full:https://registry.npmjs.org/reflect.getprototypeof set size:44083 disposed:false
1608 silly packumentCache full:https://registry.npmjs.org/reflect.getprototypeof dispose
1609 http cache https://registry.npmjs.org/has-bigints 5ms (cache hit)
1610 silly packumentCache full:https://registry.npmjs.org/has-bigints set size:14176 disposed:false
1611 http cache https://registry.npmjs.org/for-each 6ms (cache hit)
1612 silly packumentCache full:https://registry.npmjs.org/for-each set size:14327 disposed:true
1613 silly packumentCache full:https://registry.npmjs.org/for-each dispose
1614 http cache https://registry.npmjs.org/which-boxed-primitive 6ms (cache hit)
1615 silly packumentCache full:https://registry.npmjs.org/which-boxed-primitive set size:19407 disposed:false
1616 http cache https://registry.npmjs.org/for-each 4ms (cache hit)
1617 silly packumentCache full:https://registry.npmjs.org/for-each set size:14327 disposed:true
1618 silly packumentCache full:https://registry.npmjs.org/for-each dispose
1619 silly placeDep ROOT possible-typed-array-names@1.1.0 OK for: available-typed-arrays@1.0.7 want: ^1.0.0
1620 silly placeDep ROOT has-tostringtag@1.0.2 OK for: es-set-tostringtag@2.1.0 want: ^1.0.2
1621 silly placeDep ROOT is-date-object@1.1.0 OK for: es-to-primitive@1.3.0 want: ^1.0.5
1622 silly placeDep ROOT is-symbol@1.1.1 OK for: es-to-primitive@1.3.0 want: ^1.0.4
1623 silly placeDep node_modules/eslint-module-utils debug@3.2.7 OK for: eslint-module-utils@2.12.1 want: ^3.2.7
1624 silly placeDep ROOT aria-query@5.3.2 OK for: eslint-plugin-jsx-a11y@6.10.2 want: ^5.3.2
1625 silly placeDep ROOT ast-types-flow@0.0.8 OK for: eslint-plugin-jsx-a11y@6.10.2 want: ^0.0.8
1626 silly placeDep ROOT axe-core@4.11.3 OK for: eslint-plugin-jsx-a11y@6.10.2 want: ^4.10.0
1627 silly placeDep ROOT axobject-query@4.1.0 OK for: eslint-plugin-jsx-a11y@6.10.2 want: ^4.1.0
1628 silly placeDep ROOT damerau-levenshtein@1.0.8 OK for: eslint-plugin-jsx-a11y@6.10.2 want: ^1.0.8
1629 silly placeDep ROOT emoji-regex@9.2.2 OK for: eslint-plugin-jsx-a11y@6.10.2 want: ^9.2.2
1630 silly placeDep ROOT jsx-ast-utils@3.3.5 OK for: eslint-plugin-jsx-a11y@6.10.2 want: ^3.3.5
1631 silly placeDep ROOT language-tags@1.0.9 OK for: eslint-plugin-jsx-a11y@6.10.2 want: ^1.0.9
1632 silly placeDep ROOT string.prototype.includes@2.0.1 OK for: eslint-plugin-jsx-a11y@6.10.2 want: ^2.0.1
1633 silly fetch manifest language-subtag-registry@^0.3.20
1634 silly packumentCache full:https://registry.npmjs.org/language-subtag-registry cache-miss
1635 http cache https://registry.npmjs.org/language-subtag-registry 1ms (cache hit)
1636 silly packumentCache full:https://registry.npmjs.org/language-subtag-registry set size:46437 disposed:false
1637 silly placeDep ROOT array.prototype.findlast@1.2.5 OK for: eslint-plugin-react@7.37.5 want: ^1.2.5
1638 silly placeDep ROOT array.prototype.tosorted@1.1.4 OK for: eslint-plugin-react@7.37.5 want: ^1.1.4
1639 silly placeDep node_modules/eslint-plugin-react doctrine@2.1.0 OK for: eslint-plugin-react@7.37.5 want: ^2.1.0
1640 silly placeDep ROOT es-iterator-helpers@1.3.2 OK for: eslint-plugin-react@7.37.5 want: ^1.2.1
1641 silly placeDep ROOT estraverse@5.3.0 OK for: eslint-plugin-react@7.37.5 want: ^5.3.0
1642 silly placeDep ROOT object.entries@1.1.9 OK for: eslint-plugin-react@7.37.5 want: ^1.1.9
1643 silly placeDep ROOT prop-types@15.8.1 OK for: eslint-plugin-react@7.37.5 want: ^15.8.1
1644 silly placeDep node_modules/eslint-plugin-react semver@6.3.1 OK for: eslint-plugin-react@7.37.5 want: ^6.3.1
1645 silly placeDep ROOT string.prototype.matchall@4.0.12 OK for: eslint-plugin-react@7.37.5 want: ^4.0.12
1646 silly placeDep ROOT string.prototype.repeat@1.0.0 OK for: eslint-plugin-react@7.37.5 want: ^1.0.0
1647 silly fetch manifest iterator.prototype@^1.1.5
1648 silly packumentCache full:https://registry.npmjs.org/iterator.prototype cache-miss
1649 silly fetch manifest loose-envify@^1.4.0
1650 silly packumentCache full:https://registry.npmjs.org/loose-envify cache-miss
1651 silly fetch manifest object-assign@^4.1.1
1652 silly packumentCache full:https://registry.npmjs.org/object-assign cache-miss
1653 silly fetch manifest react-is@^16.13.1
1654 silly packumentCache full:https://registry.npmjs.org/react-is cache-miss
1655 http cache https://registry.npmjs.org/object-assign 2ms (cache hit)
1656 silly packumentCache full:https://registry.npmjs.org/object-assign set size:28988 disposed:false
1657 http cache https://registry.npmjs.org/loose-envify 3ms (cache hit)
1658 silly packumentCache full:https://registry.npmjs.org/loose-envify set size:12559 disposed:false
1659 http cache https://registry.npmjs.org/iterator.prototype 4ms (cache hit)
1660 silly packumentCache full:https://registry.npmjs.org/iterator.prototype set size:26870 disposed:false
1661 http cache https://registry.npmjs.org/react-is 11ms (cache hit)
1662 silly packumentCache full:https://registry.npmjs.org/react-is set size:5349235 disposed:false
1663 silly placeDep ROOT iterator.prototype@1.1.5 OK for: es-iterator-helpers@1.3.2 want: ^1.1.5
1664 silly placeDep ROOT esrecurse@4.3.0 OK for: eslint-scope@7.2.2 want: ^4.3.0
1665 silly placeDep ROOT acorn@8.16.0 OK for: espree@9.6.1 want: ^8.9.0
1666 silly placeDep ROOT acorn-jsx@5.3.2 OK for: espree@9.6.1 want: ^5.3.2
1667 silly placeDep node_modules/fast-glob glob-parent@5.1.2 OK for: fast-glob@3.3.1 want: ^5.1.2
1668 silly placeDep ROOT merge2@1.4.1 OK for: fast-glob@3.3.1 want: ^1.3.0
1669 silly placeDep ROOT micromatch@4.0.8 OK for: fast-glob@3.3.1 want: ^4.0.4
1670 silly fetch manifest braces@^3.0.3
1671 silly packumentCache full:https://registry.npmjs.org/braces cache-miss
1672 silly fetch manifest picomatch@^2.3.1
1673 silly packumentCache full:https://registry.npmjs.org/picomatch cache-hit
1674 http cache https://registry.npmjs.org/braces 2ms (cache hit)
1675 silly packumentCache full:https://registry.npmjs.org/braces set size:114529 disposed:false
1676 silly placeDep ROOT reusify@1.1.0 OK for: fastq@1.20.1 want: ^1.0.4
1677 silly placeDep ROOT flat-cache@3.2.0 OK for: file-entry-cache@6.0.1 want: ^3.0.4
1678 silly fetch manifest keyv@^4.5.3
1679 silly packumentCache full:https://registry.npmjs.org/keyv cache-miss
1680 silly fetch manifest rimraf@^3.0.2
1681 silly packumentCache full:https://registry.npmjs.org/rimraf cache-miss
1682 silly fetch manifest flatted@^3.2.9
1683 silly packumentCache full:https://registry.npmjs.org/flatted cache-miss
1684 http cache https://registry.npmjs.org/keyv 2ms (cache hit)
1685 silly packumentCache full:https://registry.npmjs.org/keyv set size:215840 disposed:false
1686 http cache https://registry.npmjs.org/flatted 3ms (cache hit)
1687 silly packumentCache full:https://registry.npmjs.org/flatted set size:137347 disposed:false
1688 http cache https://registry.npmjs.org/rimraf 5ms (cache hit)
1689 silly packumentCache full:https://registry.npmjs.org/rimraf set size:212626 disposed:false
1690 silly placeDep ROOT locate-path@6.0.0 OK for: find-up@5.0.0 want: ^6.0.0
1691 silly placeDep ROOT path-exists@4.0.0 OK for: find-up@5.0.0 want: ^4.0.0
1692 silly fetch manifest p-locate@^5.0.0
1693 silly packumentCache full:https://registry.npmjs.org/p-locate cache-miss
1694 http cache https://registry.npmjs.org/p-locate 1ms (cache hit)
1695 silly packumentCache full:https://registry.npmjs.org/p-locate set size:22488 disposed:false
1696 silly placeDep ROOT flatted@3.4.2 OK for: flat-cache@3.2.0 want: ^3.2.9
1697 silly placeDep ROOT keyv@4.5.4 OK for: flat-cache@3.2.0 want: ^4.5.3
1698 silly placeDep ROOT rimraf@3.0.2 OK for: flat-cache@3.2.0 want: ^3.0.2
1699 silly fetch manifest json-buffer@3.0.1
1700 silly packumentCache full:https://registry.npmjs.org/json-buffer cache-miss
1701 silly fetch manifest glob@^7.1.3
1702 silly packumentCache full:https://registry.npmjs.org/glob cache-miss
1703 http cache https://registry.npmjs.org/json-buffer 2ms (cache hit)
1704 silly packumentCache full:https://registry.npmjs.org/json-buffer set size:23474 disposed:false
1705 http cache https://registry.npmjs.org/glob 2ms (cache hit)
1706 silly packumentCache full:https://registry.npmjs.org/glob set size:469465 disposed:false
1707 silly placeDep ROOT functions-have-names@1.2.3 OK for: function.prototype.name@1.1.8 want: ^1.2.3
1708 silly placeDep ROOT dunder-proto@1.0.1 OK for: get-proto@1.0.1 want: ^1.0.1
1709 silly placeDep ROOT resolve-pkg-maps@1.0.0 OK for: get-tsconfig@4.14.0 want: ^1.0.0
1710 silly placeDep ROOT type-fest@0.20.2 OK for: globals@13.24.0 want: ^0.20.2
1711 silly placeDep ROOT parent-module@1.0.1 OK for: import-fresh@3.3.1 want: ^1.0.0
1712 silly placeDep ROOT resolve-from@4.0.0 OK for: import-fresh@3.3.1 want: ^4.0.0
1713 silly fetch manifest callsites@^3.0.0
1714 silly packumentCache full:https://registry.npmjs.org/callsites cache-miss
1715 http cache https://registry.npmjs.org/callsites 1ms (cache hit)
1716 silly packumentCache full:https://registry.npmjs.org/callsites set size:21349 disposed:false
1717 silly placeDep ROOT side-channel@1.1.0 OK for: internal-slot@1.1.0 want: ^1.1.0
1718 silly fetch manifest side-channel-list@^1.0.0
1719 silly packumentCache full:https://registry.npmjs.org/side-channel-list cache-miss
1720 silly fetch manifest side-channel-map@^1.0.1
1721 silly packumentCache full:https://registry.npmjs.org/side-channel-map cache-miss
1722 silly fetch manifest side-channel-weakmap@^1.0.2
1723 silly packumentCache full:https://registry.npmjs.org/side-channel-weakmap cache-miss
1724 http cache https://registry.npmjs.org/side-channel-weakmap 1ms (cache hit)
1725 silly packumentCache full:https://registry.npmjs.org/side-channel-weakmap set size:12620 disposed:false
1726 http cache https://registry.npmjs.org/side-channel-map 2ms (cache hit)
1727 silly packumentCache full:https://registry.npmjs.org/side-channel-map set size:9126 disposed:false
1728 http cache https://registry.npmjs.org/side-channel-list 2ms (cache hit)
1729 silly packumentCache full:https://registry.npmjs.org/side-channel-list set size:9021 disposed:false
1730 silly placeDep ROOT is-extglob@2.1.1 OK for: is-glob@4.0.3 want: ^2.1.1
1731 silly placeDep ROOT set-function-name@2.0.2 OK for: iterator.prototype@1.1.5 want: ^2.0.2
1732 silly placeDep ROOT argparse@2.0.1 OK for: js-yaml@4.1.1 want: ^2.0.1
1733 silly placeDep ROOT json-buffer@3.0.1 OK for: keyv@4.5.4 want: 3.0.1
1734 silly placeDep ROOT language-subtag-registry@0.3.23 OK for: language-tags@1.0.9 want: ^0.3.20
1735 silly placeDep ROOT prelude-ls@1.2.1 OK for: levn@0.4.1 want: ^1.2.1
1736 silly placeDep ROOT type-check@0.4.0 OK for: levn@0.4.1 want: ~0.4.0
1737 silly placeDep ROOT p-locate@5.0.0 OK for: locate-path@6.0.0 want: ^5.0.0
1738 silly fetch manifest p-limit@^3.0.2
1739 silly packumentCache full:https://registry.npmjs.org/p-limit cache-miss
1740 http cache https://registry.npmjs.org/p-limit 1ms (cache hit)
1741 silly packumentCache full:https://registry.npmjs.org/p-limit set size:61867 disposed:false
1742 silly placeDep ROOT braces@3.0.3 OK for: micromatch@4.0.8 want: ^3.0.3
1743 silly placeDep ROOT picomatch@2.3.2 OK for: micromatch@4.0.8 want: ^2.3.1
1744 silly fetch manifest fill-range@^7.1.1
1745 silly packumentCache full:https://registry.npmjs.org/fill-range cache-miss
1746 http cache https://registry.npmjs.org/fill-range 2ms (cache hit)
1747 silly packumentCache full:https://registry.npmjs.org/fill-range set size:90212 disposed:false
1748 silly placeDep ROOT fill-range@7.1.1 OK for: braces@3.0.3 want: ^7.1.1
1749 silly fetch manifest to-regex-range@^5.0.1
1750 silly packumentCache full:https://registry.npmjs.org/to-regex-range cache-miss
1751 http cache https://registry.npmjs.org/to-regex-range 1ms (cache hit)
1752 silly packumentCache full:https://registry.npmjs.org/to-regex-range set size:61569 disposed:false
1753 silly placeDep ROOT to-regex-range@5.0.1 OK for: fill-range@7.1.1 want: ^5.0.1
1754 silly fetch manifest is-number@^7.0.0
1755 silly packumentCache full:https://registry.npmjs.org/is-number cache-miss
1756 http cache https://registry.npmjs.org/is-number 1ms (cache hit)
1757 silly packumentCache full:https://registry.npmjs.org/is-number set size:36183 disposed:false
1758 silly placeDep ROOT brace-expansion@1.1.14 OK for: minimatch@3.1.5 want: ^1.1.7
1759 silly fetch manifest concat-map@0.0.1
1760 silly packumentCache full:https://registry.npmjs.org/concat-map cache-miss
1761 silly fetch manifest balanced-match@^1.0.0
1762 silly packumentCache full:https://registry.npmjs.org/balanced-match cache-miss
1763 http cache https://registry.npmjs.org/concat-map 2ms (cache hit)
1764 silly packumentCache full:https://registry.npmjs.org/concat-map set size:9290 disposed:false
1765 http cache https://registry.npmjs.org/balanced-match 2ms (cache hit)
1766 silly packumentCache full:https://registry.npmjs.org/balanced-match set size:39082 disposed:false
1767 silly placeDep ROOT balanced-match@1.0.2 OK for: brace-expansion@1.1.14 want: ^1.0.0
1768 silly placeDep ROOT concat-map@0.0.1 OK for: brace-expansion@1.1.14 want: 0.0.1
1769 silly fetch manifest react@^18.2.0 || 19.0.0-rc-66855b96-20241106
1770 silly packumentCache full:https://registry.npmjs.org/react cache-miss
1771 http cache https://registry.npmjs.org/react 12ms (cache hit)
1772 silly packumentCache full:https://registry.npmjs.org/react set size:6609926 disposed:false
1773 silly placeDep ROOT @next/env@15.0.3 OK for: next@15.0.3 want: 15.0.3
1774 silly placeDep ROOT @next/swc-darwin-arm64@15.0.3 OK for: next@15.0.3 want: 15.0.3
1775 silly placeDep ROOT @next/swc-darwin-x64@15.0.3 OK for: next@15.0.3 want: 15.0.3
1776 silly placeDep ROOT @next/swc-linux-arm64-gnu@15.0.3 OK for: next@15.0.3 want: 15.0.3
1777 silly placeDep ROOT @next/swc-linux-arm64-musl@15.0.3 OK for: next@15.0.3 want: 15.0.3
1778 silly placeDep ROOT @next/swc-linux-x64-gnu@15.0.3 OK for: next@15.0.3 want: 15.0.3
1779 silly placeDep ROOT @next/swc-linux-x64-musl@15.0.3 OK for: next@15.0.3 want: 15.0.3
1780 silly placeDep ROOT @next/swc-win32-arm64-msvc@15.0.3 OK for: next@15.0.3 want: 15.0.3
1781 silly placeDep ROOT @next/swc-win32-x64-msvc@15.0.3 OK for: next@15.0.3 want: 15.0.3
1782 silly placeDep ROOT @swc/counter@0.1.3 OK for: next@15.0.3 want: 0.1.3
1783 silly placeDep ROOT @swc/helpers@0.5.13 OK for: next@15.0.3 want: 0.5.13
1784 silly placeDep ROOT busboy@1.6.0 OK for: next@15.0.3 want: 1.6.0
1785 silly placeDep ROOT caniuse-lite@1.0.30001788 OK for: next@15.0.3 want: ^1.0.30001579
1786 silly placeDep node_modules/next postcss@8.4.31 OK for: next@15.0.3 want: 8.4.31
1787 silly placeDep ROOT sharp@0.33.5 OK for: next@15.0.3 want: ^0.33.5
1788 silly placeDep ROOT styled-jsx@5.1.6 OK for: next@15.0.3 want: 5.1.6
1789 silly fetch manifest tslib@^2.4.0
1790 silly packumentCache full:https://registry.npmjs.org/tslib cache-miss
1791 silly fetch manifest streamsearch@^1.1.0
1792 silly packumentCache full:https://registry.npmjs.org/streamsearch cache-miss
1793 silly fetch manifest nanoid@^3.3.6
1794 silly packumentCache full:https://registry.npmjs.org/nanoid cache-miss
1795 silly fetch manifest picocolors@^1.0.0
1796 silly packumentCache full:https://registry.npmjs.org/picocolors cache-hit
1797 silly fetch manifest source-map-js@^1.0.2
1798 silly packumentCache full:https://registry.npmjs.org/source-map-js cache-hit
1799 silly fetch manifest color@^4.2.3
1800 silly packumentCache full:https://registry.npmjs.org/color cache-miss
1801 silly fetch manifest detect-libc@^2.0.3
1802 silly packumentCache full:https://registry.npmjs.org/detect-libc cache-miss
1803 silly fetch manifest @img/sharp-wasm32@0.33.5
1804 silly packumentCache full:https://registry.npmjs.org/@img%2fsharp-wasm32 cache-miss
1805 silly fetch manifest @img/sharp-linux-arm@0.33.5
1806 silly packumentCache full:https://registry.npmjs.org/@img%2fsharp-linux-arm cache-miss
1807 silly fetch manifest @img/sharp-linux-x64@0.33.5
1808 silly packumentCache full:https://registry.npmjs.org/@img%2fsharp-linux-x64 cache-miss
1809 silly fetch manifest @img/sharp-win32-x64@0.33.5
1810 silly packumentCache full:https://registry.npmjs.org/@img%2fsharp-win32-x64 cache-miss
1811 http cache https://registry.npmjs.org/streamsearch 6ms (cache hit)
1812 silly packumentCache full:https://registry.npmjs.org/streamsearch set size:27372 disposed:false
1813 silly fetch manifest @img/sharp-darwin-x64@0.33.5
1814 silly packumentCache full:https://registry.npmjs.org/@img%2fsharp-darwin-x64 cache-miss
1815 http cache https://registry.npmjs.org/tslib 7ms (cache hit)
1816 silly packumentCache full:https://registry.npmjs.org/tslib set size:108760 disposed:false
1817 silly fetch manifest @img/sharp-win32-ia32@0.33.5
1818 silly packumentCache full:https://registry.npmjs.org/@img%2fsharp-win32-ia32 cache-miss
1819 http cache https://registry.npmjs.org/detect-libc 7ms (cache hit)
1820 silly packumentCache full:https://registry.npmjs.org/detect-libc set size:47861 disposed:false
1821 silly fetch manifest @img/sharp-linux-arm64@0.33.5
1822 silly packumentCache full:https://registry.npmjs.org/@img%2fsharp-linux-arm64 cache-miss
1823 http cache https://registry.npmjs.org/nanoid 8ms (cache hit)
1824 silly packumentCache full:https://registry.npmjs.org/nanoid set size:304025 disposed:false
1825 silly fetch manifest @img/sharp-linux-s390x@0.33.5
1826 silly packumentCache full:https://registry.npmjs.org/@img%2fsharp-linux-s390x cache-miss
1827 http cache https://registry.npmjs.org/@img%2fsharp-wasm32 11ms (cache hit)
1828 silly packumentCache full:https://registry.npmjs.org/@img%2fsharp-wasm32 set size:63361 disposed:false
1829 silly fetch manifest @img/sharp-darwin-arm64@0.33.5
1830 silly packumentCache full:https://registry.npmjs.org/@img%2fsharp-darwin-arm64 cache-miss
1831 http cache https://registry.npmjs.org/color 11ms (cache hit)
1832 silly packumentCache full:https://registry.npmjs.org/color set size:98234 disposed:false
1833 silly fetch manifest @img/sharp-linuxmusl-x64@0.33.5
1834 silly packumentCache full:https://registry.npmjs.org/@img%2fsharp-linuxmusl-x64 cache-miss
1835 http cache https://registry.npmjs.org/@img%2fsharp-linux-arm 12ms (cache hit)
1836 silly packumentCache full:https://registry.npmjs.org/@img%2fsharp-linux-arm set size:68738 disposed:false
1837 silly fetch manifest @img/sharp-linuxmusl-arm64@0.33.5
1838 silly packumentCache full:https://registry.npmjs.org/@img%2fsharp-linuxmusl-arm64 cache-miss
1839 http cache https://registry.npmjs.org/@img%2fsharp-linux-x64 12ms (cache hit)
1840 silly packumentCache full:https://registry.npmjs.org/@img%2fsharp-linux-x64 set size:68399 disposed:false
1841 silly fetch manifest @img/sharp-libvips-linux-arm@1.0.5
1842 silly packumentCache full:https://registry.npmjs.org/@img%2fsharp-libvips-linux-arm cache-miss
1843 http cache https://registry.npmjs.org/@img%2fsharp-win32-x64 13ms (cache hit)
1844 silly packumentCache full:https://registry.npmjs.org/@img%2fsharp-win32-x64 set size:66410 disposed:false
1845 silly fetch manifest @img/sharp-libvips-linux-x64@1.0.4
1846 silly packumentCache full:https://registry.npmjs.org/@img%2fsharp-libvips-linux-x64 cache-miss
1847 http cache https://registry.npmjs.org/@img%2fsharp-darwin-x64 19ms (cache hit)
1848 silly packumentCache full:https://registry.npmjs.org/@img%2fsharp-darwin-x64 set size:69307 disposed:false
1849 silly fetch manifest @img/sharp-libvips-darwin-x64@1.0.4
1850 silly packumentCache full:https://registry.npmjs.org/@img%2fsharp-libvips-darwin-x64 cache-miss
1851 http cache https://registry.npmjs.org/@img%2fsharp-linuxmusl-arm64 13ms (cache hit)
1852 silly packumentCache full:https://registry.npmjs.org/@img%2fsharp-linuxmusl-arm64 set size:70439 disposed:false
1853 silly fetch manifest @img/sharp-libvips-linux-arm64@1.0.4
1854 silly packumentCache full:https://registry.npmjs.org/@img%2fsharp-libvips-linux-arm64 cache-miss
1855 http cache https://registry.npmjs.org/@img%2fsharp-linux-s390x 17ms (cache hit)
1856 silly packumentCache full:https://registry.npmjs.org/@img%2fsharp-linux-s390x set size:67280 disposed:false
1857 silly fetch manifest @img/sharp-libvips-linux-s390x@1.0.4
1858 silly packumentCache full:https://registry.npmjs.org/@img%2fsharp-libvips-linux-s390x cache-miss
1859 http cache https://registry.npmjs.org/@img%2fsharp-darwin-arm64 17ms (cache hit)
1860 silly packumentCache full:https://registry.npmjs.org/@img%2fsharp-darwin-arm64 set size:70255 disposed:false
1861 silly fetch manifest @img/sharp-libvips-darwin-arm64@1.0.4
1862 silly packumentCache full:https://registry.npmjs.org/@img%2fsharp-libvips-darwin-arm64 cache-miss
1863 http cache https://registry.npmjs.org/@img%2fsharp-linux-arm64 20ms (cache hit)
1864 silly packumentCache full:https://registry.npmjs.org/@img%2fsharp-linux-arm64 set size:69319 disposed:false
1865 silly fetch manifest @img/sharp-libvips-linuxmusl-x64@1.0.4
1866 silly packumentCache full:https://registry.npmjs.org/@img%2fsharp-libvips-linuxmusl-x64 cache-miss
1867 http cache https://registry.npmjs.org/@img%2fsharp-linuxmusl-x64 17ms (cache hit)
1868 silly packumentCache full:https://registry.npmjs.org/@img%2fsharp-linuxmusl-x64 set size:69517 disposed:false
1869 silly fetch manifest @img/sharp-libvips-linuxmusl-arm64@1.0.4
1870 silly packumentCache full:https://registry.npmjs.org/@img%2fsharp-libvips-linuxmusl-arm64 cache-miss
1871 http cache https://registry.npmjs.org/@img%2fsharp-libvips-linux-x64 16ms (cache hit)
1872 silly packumentCache full:https://registry.npmjs.org/@img%2fsharp-libvips-linux-x64 set size:60895 disposed:false
1873 silly fetch manifest client-only@0.0.1
1874 silly packumentCache full:https://registry.npmjs.org/client-only cache-miss
1875 http cache https://registry.npmjs.org/@img%2fsharp-win32-ia32 23ms (cache hit)
1876 silly packumentCache full:https://registry.npmjs.org/@img%2fsharp-win32-ia32 set size:67044 disposed:false
1877 http cache https://registry.npmjs.org/@img%2fsharp-libvips-linux-arm 17ms (cache hit)
1878 silly packumentCache full:https://registry.npmjs.org/@img%2fsharp-libvips-linux-arm set size:62856 disposed:false
1879 http cache https://registry.npmjs.org/@img%2fsharp-libvips-darwin-x64 7ms (cache hit)
1880 silly packumentCache full:https://registry.npmjs.org/@img%2fsharp-libvips-darwin-x64 set size:56051 disposed:false
1881 http cache https://registry.npmjs.org/@img%2fsharp-libvips-linux-arm64 6ms (cache hit)
1882 silly packumentCache full:https://registry.npmjs.org/@img%2fsharp-libvips-linux-arm64 set size:59753 disposed:false
1883 http cache https://registry.npmjs.org/@img%2fsharp-libvips-linux-s390x 6ms (cache hit)
1884 silly packumentCache full:https://registry.npmjs.org/@img%2fsharp-libvips-linux-s390x set size:55949 disposed:false
1885 http cache https://registry.npmjs.org/@img%2fsharp-libvips-darwin-arm64 6ms (cache hit)
1886 silly packumentCache full:https://registry.npmjs.org/@img%2fsharp-libvips-darwin-arm64 set size:56688 disposed:false
1887 http cache https://registry.npmjs.org/@img%2fsharp-libvips-linuxmusl-x64 6ms (cache hit)
1888 silly packumentCache full:https://registry.npmjs.org/@img%2fsharp-libvips-linuxmusl-x64 set size:57954 disposed:false
1889 http cache https://registry.npmjs.org/client-only 5ms (cache hit)
1890 silly packumentCache full:https://registry.npmjs.org/client-only set size:2750 disposed:false
1891 http cache https://registry.npmjs.org/@img%2fsharp-libvips-linuxmusl-arm64 7ms (cache hit)
1892 silly packumentCache full:https://registry.npmjs.org/@img%2fsharp-libvips-linuxmusl-arm64 set size:58629 disposed:false
1893 silly placeDep ROOT tslib@2.8.1 OK for: @swc/helpers@0.5.13 want: ^2.4.0
1894 silly placeDep ROOT streamsearch@1.1.0 OK for: busboy@1.6.0 want: ^1.1.0
1895 silly placeDep ROOT deep-is@0.1.4 OK for: optionator@0.9.4 want: ^0.1.3
1896 silly placeDep ROOT fast-levenshtein@2.0.6 OK for: optionator@0.9.4 want: ^2.0.6
1897 silly placeDep ROOT word-wrap@1.2.5 OK for: optionator@0.9.4 want: ^1.2.5
1898 silly placeDep ROOT p-limit@3.1.0 OK for: p-locate@5.0.0 want: ^3.0.2
1899 silly fetch manifest yocto-queue@^0.1.0
1900 silly packumentCache full:https://registry.npmjs.org/yocto-queue cache-miss
1901 http cache https://registry.npmjs.org/yocto-queue 2ms (cache hit)
1902 silly packumentCache full:https://registry.npmjs.org/yocto-queue set size:20256 disposed:false
1903 silly placeDep ROOT yocto-queue@0.1.0 OK for: p-limit@3.1.0 want: ^0.1.0
1904 silly placeDep ROOT callsites@3.1.0 OK for: parent-module@1.0.1 want: ^3.0.0
1905 silly placeDep ROOT nanoid@3.3.11 OK for: postcss@8.5.10 want: ^3.3.11
1906 silly placeDep ROOT picocolors@1.1.1 OK for: postcss@8.5.10 want: ^1.1.1
1907 silly placeDep ROOT source-map-js@1.2.1 OK for: postcss@8.5.10 want: ^1.2.1
1908 silly placeDep ROOT @prisma/engines@5.22.0 OK for: prisma@5.22.0 want: 5.22.0
1909 silly placeDep ROOT fsevents@2.3.3 OK for: prisma@5.22.0 want: 2.3.3
1910 silly fetch manifest @prisma/debug@5.22.0
1911 silly packumentCache full:https://registry.npmjs.org/@prisma%2fdebug cache-miss
1912 silly fetch manifest @prisma/fetch-engine@5.22.0
1913 silly packumentCache full:https://registry.npmjs.org/@prisma%2ffetch-engine cache-miss
1914 silly fetch manifest @prisma/get-platform@5.22.0
1915 silly packumentCache full:https://registry.npmjs.org/@prisma%2fget-platform cache-miss
1916 silly fetch manifest @prisma/engines-version@5.22.0-44.605197351a3c8bdd595af2d2a9bc3025bca48ea2
1917 silly packumentCache full:https://registry.npmjs.org/@prisma%2fengines-version cache-miss
